id,first_name,last_name,email,salary
1,Zelma,Nicklinson,znicklinson0@yahoo.com,12228.34
2,Edouard,Cornu,ecornu1@ocn.ne.jp,50166.84
3,Tremayne,Osipov,tosipov2@wsj.com,58901.83
4,Sukey,Troni,stroni3@bluehost.com,93191.75
5,Harman,Borsnall,hborsnall4@europa.eu,97245.8
6,Nikola,Del Monte,ndelmonte5@facebook.com,36226.3
7,Bunny,Titmarsh,btitmarsh6@ebay.com,97073.13
8,Bev,Bagott,bbagott7@discovery.com,97868.0
9,Tricia,Buckhurst,tbuckhurst8@psu.edu,95275.04
10,Lyn,Eversley,leversley9@cbsnews.com,14272.92
11,Marybelle,Ferreira,mferreiraa@jiathis.com,39455.51
12,Albertina,Scotts,ascottsb@census.gov,29925.76
13,Ediva,Selway,eselwayc@altervista.org,28762.66
14,Pierce,Salerg,psalergd@qq.com,81100.29
15,Saloma,Humble,shumblee@hc360.com,49705.14
16,Joe,Cunniff,jcunnifff@indiatimes.com,10292.74
17,Aprilette,Howieson,ahowiesong@hatena.ne.jp,43129.02
18,Ilsa,Ewbanck,iewbanckh@cbsnews.com,49735.43
19,Ethel,Wride,ewridei@boston.com,75812.92
20,Marja,Mara,mmaraj@jalbum.net,80903.62
21,Stillman,Beasley,sbeasleyk@ebay.co.uk,69156.4
22,Hilliary,Inch,hinchl@dion.ne.jp,17519.42
23,Reinaldos,Colin,rcolinm@360.cn,99478.54
24,Diane-marie,Stuck,dstuckn@forbes.com,95530.36
25,Ike,Angel,iangelo@e-recht24.de,77755.94
26,Cristine,Toolin,ctoolinp@gov.uk,15621.35
27,Claudia,Labbez,clabbezq@techcrunch.com,67055.7
28,Meagan,Cowl,mcowlr@ustream.tv,56617.5
29,Leyla,Levison,llevisons@netvibes.com,72582.43
30,Suzann,Audenis,saudenist@eventbrite.com,13572.3
31,Fabiano,Andriuzzi,fandriuzziu@ask.com,69010.35
32,Loria,Di Carlo,ldicarlov@yahoo.co.jp,22181.7
33,Casey,Misken,cmiskenw@w3.org,18595.52
34,Paton,Bartlomiej,pbartlomiejx@nih.gov,22655.04
35,Pren,Compston,pcompstony@comsenz.com,11778.8
36,Constantia,Matussevich,cmatussevichz@apple.com,55827.27
37,Andree,Hyder,ahyder10@google.fr,51560.42
38,Dulsea,Songer,dsonger11@sina.com.cn,91231.41
39,Olenolin,Ahlin,oahlin12@tinypic.com,59471.0
40,Corette,Kelshaw,ckelshaw13@issuu.com,86205.53
41,Shellysheldon,Rawlence,srawlence14@sakura.ne.jp,30052.05
42,Murdoch,Gunbie,mgunbie15@mediafire.com,64105.43
43,Francene,Dressel,fdressel16@sbwire.com,50678.24
44,Demetris,Thieme,dthieme17@go.com,54329.46
45,Stevie,Haskur,shaskur18@typepad.com,81454.16
46,Jeffry,Butterick,jbutterick19@house.gov,11518.6
47,Garvin,Blaine,gblaine1a@imageshack.us,65437.25
48,Brody,Bowkley,bbowkley1b@bbb.org,31028.62
49,Elias,Gladding,egladding1c@si.edu,67897.39
50,Augustus,Walbridge,awalbridge1d@springer.com,58167.03
51,Aimil,MacMeeking,amacmeeking1e@china.com.cn,59084.84
52,Edy,Yakunin,eyakunin1f@eepurl.com,25415.1
53,Donovan,Bennet,dbennet1g@zimbio.com,62497.61
54,Wilburt,Anscombe,wanscombe1h@utexas.edu,16141.73
55,Pammy,Shelsher,pshelsher1i@indiatimes.com,84450.98
56,Joceline,Zini,jzini1j@cafepress.com,64222.08
57,Eugenio,Pottiphar,epottiphar1k@altervista.org,22449.71
58,Rafaello,Lively,rlively1l@omniture.com,61885.67
59,Cherri,Kundert,ckundert1m@123-reg.co.uk,65102.13
60,Tiphani,Bootes,tbootes1n@nytimes.com,85228.11
61,Tam,Claricoates,tclaricoates1o@geocities.com,94861.98
62,Hamish,Rolfini,hrolfini1p@macromedia.com,24377.21
63,Yorker,MacDonell,ymacdonell1q@craigslist.org,92843.27
64,Tally,Briiginshaw,tbriiginshaw1r@de.vu,32346.64
65,Lindsay,Goding,lgoding1s@bloomberg.com,86492.13
66,Willy,Ramsey,wramsey1t@reddit.com,13451.73
67,Taryn,Whitebread,twhitebread1u@prnewswire.com,20213.81
68,Noelani,Alekhov,nalekhov1v@de.vu,91059.26
69,Don,Dudmesh,ddudmesh1w@forbes.com,25244.3
70,Kaia,Cruise,kcruise1x@cargocollective.com,75544.4
71,Jaine,Iiannoni,jiiannoni1y@fc2.com,69591.11
72,Dulcea,Thowes,dthowes1z@washingtonpost.com,47190.4
73,Morton,MacInherney,mmacinherney20@cnbc.com,68600.53
74,Lisbeth,de Juares,ldejuares21@statcounter.com,65549.01
75,Sammie,Johnigan,sjohnigan22@tuttocitta.it,37306.41
76,Joshuah,Waddams,jwaddams23@columbia.edu,60772.53
77,Travus,Meneely,tmeneely24@jigsy.com,35243.82
78,Noami,Rochewell,nrochewell25@cbsnews.com,12804.53
79,Wilona,Gilliatt,wgilliatt26@360.cn,77320.15
80,Mitchell,Anshell,manshell27@google.fr,76788.27
81,Tyrone,Ortler,tortler28@diigo.com,65837.29
82,Riki,Simcox,rsimcox29@stanford.edu,79232.93
83,Skylar,Opfer,sopfer2a@miibeian.gov.cn,20812.39
84,Elle,Paintain,epaintain2b@seattletimes.com,48364.87
85,Elaina,Leinster,eleinster2c@skype.com,24452.37
86,Blancha,Fortnum,bfortnum2d@utexas.edu,26639.77
87,Margalit,Clemencet,mclemencet2e@geocities.jp,39149.48
88,Selia,Hanton,shanton2f@cnbc.com,31598.12
89,Ricoriki,Jendrach,rjendrach2g@studiopress.com,49530.19
90,Melly,Foort,mfoort2h@seattletimes.com,18820.79
91,Auguste,Braidford,abraidford2i@bandcamp.com,59050.18
92,Kerrill,Pues,kpues2j@tamu.edu,87536.48
93,Jessica,Andriuzzi,jandriuzzi2k@sakura.ne.jp,10637.67
94,Ike,Volkers,ivolkers2l@technorati.com,33675.67
95,Davita,Costigan,dcostigan2m@yolasite.com,66830.78
96,Nerissa,Proven,nproven2n@symantec.com,20527.72
97,Dulcy,Cocke,dcocke2o@devhub.com,92454.03
98,Cristie,Gething,cgething2p@smugmug.com,81660.61
99,Anselma,Vanyashkin,avanyashkin2q@google.com.au,16565.23
100,Celina,Limer,climer2r@examiner.com,28283.98
101,Roma,Couvet,rcouvet2s@cnet.com,96593.88
102,Theodore,Craze,tcraze2t@themeforest.net,25658.03
103,Leyla,Etoile,letoile2u@engadget.com,97756.74
104,Mikaela,MacAloren,mmacaloren2v@cnn.com,53924.1
105,Shayna,Haith,shaith2w@furl.net,19444.9
106,Cloe,Nanelli,cnanelli2x@umn.edu,34122.0
107,Noak,Cheavin,ncheavin2y@timesonline.co.uk,12326.12
108,Perl,Deschelle,pdeschelle2z@eepurl.com,74629.11
109,Pearle,Janda,pjanda30@blogtalkradio.com,32975.72
110,Hyacinthie,Vasiljevic,hvasiljevic31@ucla.edu,50282.3
111,Kirbie,Stanwix,kstanwix32@sina.com.cn,76684.21
112,Armand,Eshmade,aeshmade33@house.gov,95840.27
113,Cal,Gribbell,cgribbell34@google.fr,65739.07
114,Welch,Caldroni,wcaldroni35@1und1.de,22317.68
115,Westbrook,Bichener,wbichener36@merriam-webster.com,83801.72
116,Skye,Eiler,seiler37@comcast.net,70354.35
117,Elberta,Tranckle,etranckle38@canalblog.com,60781.56
118,Alix,Wyant,awyant39@ebay.com,85543.01
119,Donni,Elders,delders3a@biglobe.ne.jp,66624.72
120,Ruthi,Tolworthie,rtolworthie3b@sina.com.cn,89394.11
121,Chet,Syphas,csyphas3c@bloglovin.com,94089.14
122,Eileen,Remon,eremon3d@adobe.com,22547.34
123,Cameron,Scowen,cscowen3e@purevolume.com,75090.15
124,Torrance,Di Angelo,tdiangelo3f@statcounter.com,27358.65
125,Sidoney,Chataignier,schataignier3g@miibeian.gov.cn,93224.83
126,Perice,Tock,ptock3h@samsung.com,54930.89
127,Maurita,Mowbury,mmowbury3i@archive.org,83136.53
128,Jami,Stairmond,jstairmond3j@bigcartel.com,81316.74
129,Annaliese,Ellen,aellen3k@google.ca,72267.67
130,Tamra,Cuttle,tcuttle3l@ovh.net,87236.45
131,Kacey,Wilding,kwilding3m@list-manage.com,51052.04
132,Dante,Broadwell,dbroadwell3n@feedburner.com,16618.69
133,Isaac,Stammer,istammer3o@arstechnica.com,73252.4
134,Mandy,Pampling,mpampling3p@icio.us,13805.98
135,Shannen,Storrie,sstorrie3q@phoca.cz,81390.45
136,Anselm,McNeice,amcneice3r@fastcompany.com,87694.6
137,Fremont,Mangeney,fmangeney3s@wufoo.com,54323.55
138,Avrit,Orchard,aorchard3t@technorati.com,57281.51
139,Rennie,Yurenev,ryurenev3u@soundcloud.com,10477.18
140,Cale,By,cby3v@ezinearticles.com,40082.95
141,Patrizio,Durn,pdurn3w@mit.edu,28925.99
142,Lorenza,Habbal,lhabbal3x@cdbaby.com,95043.44
143,Egor,Wilflinger,ewilflinger3y@un.org,85319.37
144,Shaw,Fadell,sfadell3z@histats.com,12397.55
145,Nickolai,Anear,nanear40@un.org,99597.08
146,Lief,Morewood,lmorewood41@sun.com,55721.5
147,Krissie,Thickin,kthickin42@meetup.com,32232.37
148,Tannie,Goodwill,tgoodwill43@nps.gov,85439.58
149,Matilde,Bartolomivis,mbartolomivis44@fc2.com,89012.0
150,Paulina,Gatlin,pgatlin45@unesco.org,83117.3
151,Pip,Frisby,pfrisby46@ovh.net,48732.25
152,Janella,Gullane,jgullane47@go.com,98444.83
153,Gilemette,Crossdale,gcrossdale48@squidoo.com,38472.69
154,Klarrisa,Pietroni,kpietroni49@state.tx.us,68318.66
155,Keir,Goodered,kgoodered4a@cnbc.com,29371.13
156,Kala,Airth,kairth4b@nbcnews.com,79149.31
157,Davina,MacKaile,dmackaile4c@mail.ru,28045.07
158,Meggie,Nevitt,mnevitt4d@joomla.org,56830.18
159,Farrel,Spencelayh,fspencelayh4e@photobucket.com,12604.14
160,Justinn,Lowes,jlowes4f@dmoz.org,61084.57
161,Ogdon,Thurber,othurber4g@icio.us,57535.16
162,Porter,Hartnell,phartnell4h@bing.com,66324.04
163,Berny,Tisor,btisor4i@elegantthemes.com,94555.99
164,Stephannie,Ollarenshaw,sollarenshaw4j@ehow.com,19903.18
165,Abelard,Harsnep,aharsnep4k@google.com,14480.24
166,Renee,Moat,rmoat4l@amazon.co.uk,54011.64
167,Jule,Bakesef,jbakesef4m@shareasale.com,50436.46
168,Yard,Celler,yceller4n@cnn.com,99910.87
169,Britteny,Bischof,bbischof4o@nifty.com,91894.52
170,Arv,Bakesef,abakesef4p@over-blog.com,10354.6
171,Cissiee,Borgnol,cborgnol4q@canalblog.com,59657.1
172,Lambert,Bayley,lbayley4r@themeforest.net,83708.31
173,Bethina,Saltman,bsaltman4s@angelfire.com,28643.36
174,Manny,Kilian,mkilian4t@merriam-webster.com,43141.71
175,Waylon,Orts,worts4u@xing.com,45424.15
176,Anna,Marrington,amarrington4v@wiley.com,25992.93
177,Shina,Copestake,scopestake4w@youku.com,86141.57
178,Hollie,Edmand,hedmand4x@nsw.gov.au,29023.26
179,Brice,Feldbaum,bfeldbaum4y@alexa.com,50033.38
180,Reidar,Shieber,rshieber4z@businessinsider.com,77726.94
181,Francine,Scopyn,fscopyn50@amazon.co.uk,11840.65
182,Tammy,Chandlar,tchandlar51@elegantthemes.com,63894.6
183,Korney,Rolls,krolls52@yandex.ru,42235.48
184,Geri,Spowart,gspowart53@mayoclinic.com,60079.21
185,Hulda,Bignold,hbignold54@issuu.com,68573.49
186,Latrina,Gibbins,lgibbins55@house.gov,36975.14
187,Flori,Marklin,fmarklin56@msu.edu,75307.7
188,Dallas,Gillooly,dgillooly57@studiopress.com,27094.33
189,Anderea,Slarke,aslarke58@jimdo.com,70732.03
190,Garnette,Karp,gkarp59@nifty.com,37730.64
191,Jameson,Duckham,jduckham5a@imageshack.us,11064.21
192,Ansel,Olligan,aolligan5b@wunderground.com,43911.76
193,Gay,Milthorpe,gmilthorpe5c@usda.gov,41412.05
194,Nanette,Del Monte,ndelmonte5d@mac.com,25570.85
195,Ethe,Elwin,eelwin5e@epa.gov,96651.66
196,Mathew,Rabjohn,mrabjohn5f@jimdo.com,29795.13
197,Tandi,Louis,tlouis5g@blogs.com,83133.05
198,Jazmin,Altham,jaltham5h@cargocollective.com,66956.51
199,Alvy,Minear,aminear5i@si.edu,29377.16
200,Clarinda,Royl,croyl5j@canalblog.com,25026.02
201,Trude,Haworth,thaworth5k@4shared.com,74780.28
202,Homer,Praundlin,hpraundlin5l@joomla.org,25948.15
203,Bari,Wasylkiewicz,bwasylkiewicz5m@ca.gov,80689.86
204,Alameda,Charrier,acharrier5n@imdb.com,65197.27
205,Andrey,Joriot,ajoriot5o@uiuc.edu,33991.4
206,Toddy,Kupec,tkupec5p@shareasale.com,33316.25
207,Kittie,Gilhool,kgilhool5q@pcworld.com,59642.91
208,Elsinore,Ollerenshaw,eollerenshaw5r@answers.com,42691.59
209,Lorena,Gilliver,lgilliver5s@privacy.gov.au,83879.23
210,Timmie,Matton,tmatton5t@virginia.edu,33024.05
211,Gwynne,Banat,gbanat5u@china.com.cn,89807.09
212,Duncan,Chessell,dchessell5v@pbs.org,94512.49
213,Pauline,Sarl,psarl5w@skype.com,46775.79
214,Minny,Iwanowicz,miwanowicz5x@flavors.me,84733.58
215,Zolly,Fidoe,zfidoe5y@mozilla.org,65331.0
216,Phaedra,Kettlestringes,pkettlestringes5z@naver.com,23760.36
217,Lorri,Pepler,lpepler60@wikipedia.org,47942.24
218,Denyse,Ganter,dganter61@barnesandnoble.com,84319.84
219,Edee,Goodwin,egoodwin62@comcast.net,48769.25
220,Ladonna,Corpe,lcorpe63@nyu.edu,72469.41
221,Randall,Luty,rluty64@yellowpages.com,74379.37
222,Rayner,Harbinson,rharbinson65@desdev.cn,11439.56
223,Powell,Raubenheimers,praubenheimers66@qq.com,74703.87
224,Stanislas,Croisier,scroisier67@dmoz.org,79097.58
225,Helsa,Benardet,hbenardet68@zimbio.com,26929.87
226,Alyss,Barstock,abarstock69@nasa.gov,84510.19
227,Emelia,Denecamp,edenecamp6a@ucla.edu,80238.03
228,Jory,Moughtin,jmoughtin6b@dyndns.org,31776.37
229,Alexandro,Ryce,aryce6c@webmd.com,85781.8
230,Rickie,Proven,rproven6d@google.com,73447.51
231,Angil,Jordeson,ajordeson6e@icq.com,85447.25
232,Othella,Florentine,oflorentine6f@histats.com,85616.81
233,Nerty,Felgat,nfelgat6g@rakuten.co.jp,61043.12
234,Evey,Caseborne,ecaseborne6h@google.cn,53296.47
235,Dyana,Quemby,dquemby6i@hubpages.com,14631.13
236,Heindrick,Bredes,hbredes6j@google.com,33938.89
237,Bar,Orro,borro6k@hud.gov,94287.39
238,Marie,Klais,mklais6l@google.fr,11877.52
239,Bertie,Oultram,boultram6m@qq.com,48754.76
240,Caralie,Conneely,cconneely6n@php.net,81047.54
241,Lemmie,Lymbourne,llymbourne6o@dot.gov,77443.37
242,Goldarina,Girth,ggirth6p@apple.com,32988.78
243,Katy,Jewell,kjewell6q@yahoo.co.jp,82093.18
244,Tessie,Kagan,tkagan6r@bloglines.com,94913.35
245,Rudolph,Tasseler,rtasseler6s@t-online.de,57750.14
246,Adiana,Brezlaw,abrezlaw6t@ning.com,46486.42
247,Aksel,Titterrell,atitterrell6u@alexa.com,19720.83
248,Ciel,Ellerington,cellerington6v@wikia.com,58588.92
249,Aigneis,Cuxon,acuxon6w@nih.gov,49560.81
250,Lief,Neubigin,lneubigin6x@netvibes.com,52502.45
251,Theresina,Lahy,tlahy6y@fema.gov,84313.97
252,Arlin,Hovee,ahovee6z@toplist.cz,38472.54
253,Worden,Dinnis,wdinnis70@dot.gov,29774.19
254,Doe,Gytesham,dgytesham71@cnn.com,92092.48
255,Maura,Nibloe,mnibloe72@marriott.com,71310.83
256,Sari,Purrier,spurrier73@ted.com,86607.75
257,Cordey,Allbut,callbut74@psu.edu,68505.98
258,Etty,Duxfield,eduxfield75@aol.com,34644.58
259,Kyla,Bouch,kbouch76@cisco.com,77447.61
260,Junette,Pleaden,jpleaden77@symantec.com,75720.88
261,Corabel,MacLaig,cmaclaig78@dropbox.com,52653.63
262,Kimberlee,Karlmann,kkarlmann79@hubpages.com,67160.55
263,Chance,Rubertis,crubertis7a@paypal.com,57935.47
264,Shepherd,Denisyuk,sdenisyuk7b@mysql.com,11855.79
265,Valli,Chicco,vchicco7c@state.tx.us,63515.64
266,Carmelle,McSkeagan,cmcskeagan7d@furl.net,53990.68
267,Alene,Tofano,atofano7e@altervista.org,32766.9
268,Anderson,Cowitz,acowitz7f@printfriendly.com,93400.21
269,Shelley,Sainthill,ssainthill7g@mediafire.com,96891.13
270,Arie,McNiff,amcniff7h@wikipedia.org,89628.83
271,Gardener,Samwyse,gsamwyse7i@hugedomains.com,56426.47
272,Marchelle,Boal,mboal7j@rakuten.co.jp,86739.45
273,Halley,Valois,hvalois7k@time.com,64246.02
274,Rae,Paoletto,rpaoletto7l@pagesperso-orange.fr,29266.32
275,Brunhilda,MacAfee,bmacafee7m@admin.ch,84190.72
276,Joline,Broske,jbroske7n@loc.gov,91173.04
277,Randy,Gonin,rgonin7o@rakuten.co.jp,99087.51
278,Melli,Austins,maustins7p@who.int,69578.47
279,Amara,Matkovic,amatkovic7q@ca.gov,42412.51
280,Gypsy,Houdmont,ghoudmont7r@weather.com,29430.37
281,Danyelle,Sommer,dsommer7s@technorati.com,25348.29
282,Ignatius,Brelsford,ibrelsford7t@w3.org,19909.18
283,Brynna,Nelhams,bnelhams7u@blogspot.com,83448.14
284,Byron,Dallas,bdallas7v@huffingtonpost.com,31742.46
285,Dougy,Berkowitz,dberkowitz7w@jalbum.net,55535.72
286,Dougie,Skuce,dskuce7x@360.cn,81356.31
287,Jaquenetta,Sympson,jsympson7y@engadget.com,77648.18
288,Hi,Schneider,hschneider7z@unc.edu,22732.09
289,Gale,Sparrowe,gsparrowe80@usnews.com,78392.9
290,Kristina,Cunliffe,kcunliffe81@ebay.com,78561.15
291,Nana,Dreye,ndreye82@yale.edu,30329.79
292,Amandie,Comberbeach,acomberbeach83@mlb.com,26828.8
293,Joey,Georgescu,jgeorgescu84@purevolume.com,31689.34
294,Lowrance,Durnell,ldurnell85@apple.com,46926.39
295,Micaela,Osler,mosler86@princeton.edu,46151.15
296,Lambert,Gaine of England,lgaineofengland87@mashable.com,53742.19
297,Jasmina,Aneley,janeley88@msn.com,50476.95
298,Lowrance,Rustadge,lrustadge89@arstechnica.com,90094.03
299,Vivienne,Keeney,vkeeney8a@moonfruit.com,20282.93
300,Nicola,Meadley,nmeadley8b@sourceforge.net,80518.53
301,Maggee,Millwater,mmillwater8c@gnu.org,98443.12
302,Evonne,Nurdin,enurdin8d@webeden.co.uk,51504.64
303,Ellie,Bikker,ebikker8e@webnode.com,27799.89
304,Harlin,Kienl,hkienl8f@youtu.be,20541.0
305,Gabe,Shuxsmith,gshuxsmith8g@hexun.com,55474.26
306,Virgilio,Brompton,vbrompton8h@geocities.com,75572.95
307,Kathi,Chappelle,kchappelle8i@dedecms.com,19849.47
308,Thedric,Floyd,tfloyd8j@samsung.com,34693.6
309,Corliss,Gammon,cgammon8k@gmpg.org,78201.49
310,Jeniece,Colvill,jcolvill8l@ovh.net,40584.17
311,Roanne,Caldairou,rcaldairou8m@time.com,67953.87
312,Aimil,Rochell,arochell8n@furl.net,57932.16
313,Rosemarie,MacNeely,rmacneely8o@cnn.com,62460.58
314,Rainer,Mellish,rmellish8p@chronoengine.com,54899.97
315,Sophia,Harmant,sharmant8q@ca.gov,57695.25
316,Danila,Wroe,dwroe8r@slate.com,60710.16
317,Thaddus,Clampton,tclampton8s@smugmug.com,28949.29
318,Shaine,Bartholomieu,sbartholomieu8t@slate.com,12570.19
319,Mabelle,Groundwator,mgroundwator8u@nationalgeographic.com,34757.87
320,Delainey,Scane,dscane8v@reddit.com,91650.92
321,Niccolo,Borrel,nborrel8w@gravatar.com,66396.42
322,Ronica,Carbery,rcarbery8x@phoca.cz,17695.19
323,Lenore,Titmus,ltitmus8y@wix.com,81627.0
324,Clarance,Bendle,cbendle8z@illinois.edu,55878.47
325,Elisa,Elkins,eelkins90@gov.uk,92922.29
326,Fraze,Fairhurst,ffairhurst91@chron.com,95615.82
327,Caitlin,Schultze,cschultze92@wunderground.com,58876.62
328,Ilise,Penbarthy,ipenbarthy93@marketwatch.com,66704.19
329,Bentley,Plewright,bplewright94@wordpress.com,91524.7
330,Alix,Pala,apala95@skype.com,15493.36
331,Adamo,Vanshin,avanshin96@unicef.org,43106.67
332,Jeremias,Heiner,jheiner97@google.es,92278.73
333,Annadiane,Bakhrushkin,abakhrushkin98@webeden.co.uk,94488.72
334,Phillis,Kleinmintz,pkleinmintz99@soundcloud.com,88452.57
335,Etti,Silverton,esilverton9a@google.com.au,30401.85
336,Gothart,Fluit,gfluit9b@senate.gov,13637.64
337,Agosto,Bryden,abryden9c@friendfeed.com,47621.29
338,Berni,Cheeld,bcheeld9d@unc.edu,73261.37
339,Nicolle,Shurman,nshurman9e@weibo.com,33810.73
340,Livvyy,McGhie,lmcghie9f@patch.com,74450.08
341,Nigel,Werrilow,nwerrilow9g@dion.ne.jp,95607.14
342,Peyton,Ousley,pousley9h@tmall.com,82176.55
343,Devinne,Blofeld,dblofeld9i@foxnews.com,78609.58
344,Vickie,O'Hartagan,vohartagan9j@woothemes.com,74774.78
345,Michal,Lang,mlang9k@census.gov,52249.73
346,Tana,Bear,tbear9l@whitehouse.gov,66655.2
347,Adriaens,Heggman,aheggman9m@dailymail.co.uk,95882.97
348,Brett,Aldersea,baldersea9n@dmoz.org,26435.67
349,Livvie,D'Ambrosi,ldambrosi9o@howstuffworks.com,88881.55
350,Rutger,Major,rmajor9p@behance.net,31210.73
351,Odette,Grelak,ogrelak9q@woothemes.com,80864.19
352,Lindon,Straine,lstraine9r@free.fr,76840.59
353,Elvera,Aucourte,eaucourte9s@angelfire.com,15314.66
354,Ailyn,Faragan,afaragan9t@webnode.com,72339.33
355,Tamera,Boobyer,tboobyer9u@360.cn,85279.16
356,Padriac,Ivanikhin,pivanikhin9v@ca.gov,49118.53
357,Ode,Irdale,oirdale9w@dedecms.com,82027.6
358,Ciro,Asprey,casprey9x@boston.com,94047.57
359,Dyna,Reboul,dreboul9y@harvard.edu,20733.59
360,Domingo,Yaldren,dyaldren9z@mail.ru,76952.83
361,Cherilyn,Lewisham,clewishama0@tripod.com,47709.41
362,Liane,Krishtopaittis,lkrishtopaittisa1@google.com.au,23935.29
363,Calvin,Fellows,cfellowsa2@google.com.br,51478.75
364,Kirsti,Crowd,kcrowda3@kickstarter.com,41375.16
365,Tybalt,Suttaby,tsuttabya4@abc.net.au,75938.55
366,Betta,Sharpus,bsharpusa5@usatoday.com,69006.65
367,Juliet,Mould,jmoulda6@businessinsider.com,49883.27
368,Gaven,Vargas,gvargasa7@amazon.de,95275.55
369,Mikol,Alldritt,malldritta8@va.gov,14466.63
370,Sharl,Flintoff,sflintoffa9@alexa.com,66823.41
371,Merola,Brunskill,mbrunskillaa@taobao.com,71433.92
372,Neil,Fromont,nfromontab@printfriendly.com,90896.17
373,Gail,Tidbold,gtidboldac@blogspot.com,42165.53
374,Rockwell,Andreev,randreevad@techcrunch.com,16705.66
375,Janetta,Leere,jleereae@cpanel.net,54326.83
376,Merrili,Drayson,mdraysonaf@shutterfly.com,32451.38
377,Star,Mitchener,smitchenerag@so-net.ne.jp,38538.84
378,Shayne,Greengrass,sgreengrassah@reference.com,51000.85
379,Jillana,Carff,jcarffai@privacy.gov.au,30466.26
380,Humfried,Emanulsson,hemanulssonaj@skyrock.com,30601.14
381,Jose,Batecok,jbatecokak@netscape.com,76336.43
382,Kerrin,Gookey,kgookeyal@utexas.edu,32638.39
383,Charmion,Peiro,cpeiroam@yolasite.com,90431.41
384,Leann,Eyree,leyreean@usnews.com,63145.31
385,Giacomo,Christauffour,gchristauffourao@paginegialle.it,45430.78
386,Vera,Bellhouse,vbellhouseap@1und1.de,68840.4
387,Charmian,Wint,cwintaq@pen.io,19442.68
388,Rosie,Courtes,rcourtesar@xing.com,18365.46
389,Dukey,MacAskill,dmacaskillas@bizjournals.com,71936.51
390,Emmi,Ballister,eballisterat@ca.gov,44897.02
391,Barnie,Blacklock,bblacklockau@opera.com,53820.17
392,Juan,Schofield,jschofieldav@e-recht24.de,75949.77
393,Marc,Lethbridge,mlethbridgeaw@goo.gl,59216.71
394,Tallulah,Peart,tpeartax@opensource.org,78253.65
395,Godard,Jurisch,gjurischay@thetimes.co.uk,45317.28
396,Andy,Crace,acraceaz@g.co,40747.39
397,Barnard,Hartnell,bhartnellb0@vkontakte.ru,43260.69
398,Carla,Fery,cferyb1@edublogs.org,29290.03
399,Hedwiga,Paull,hpaullb2@reverbnation.com,83123.95
400,Bernardo,Tebbit,btebbitb3@simplemachines.org,53137.49
401,Kenn,Massinger,kmassingerb4@ovh.net,42919.4
402,Jedd,Gabotti,jgabottib5@ocn.ne.jp,30252.04
403,Brendin,Calverley,bcalverleyb6@ibm.com,27688.82
404,Darrin,Pawlicki,dpawlickib7@reverbnation.com,14499.32
405,Nerte,Sauter,nsauterb8@is.gd,46247.47
406,Bebe,O'Shee,bosheeb9@loc.gov,36466.49
407,Jolynn,Joanaud,jjoanaudba@digg.com,40765.06
408,Ernesta,Mountfort,emountfortbb@cbslocal.com,62353.13
409,Elston,Airth,eairthbc@csmonitor.com,11996.28
410,Broderick,Emslie,bemsliebd@themeforest.net,88400.64
411,Guntar,Frichley,gfrichleybe@mapy.cz,21951.27
412,Teresita,Saph,tsaphbf@hugedomains.com,76967.84
413,Jackquelin,Warlaw,jwarlawbg@exblog.jp,41952.45
414,Fin,Zannotelli,fzannotellibh@naver.com,44053.98
415,Alfi,Cathery,acatherybi@wp.com,94684.26
416,Packston,Duddan,pduddanbj@washingtonpost.com,70453.57
417,Sylvester,Bloomer,sbloomerbk@feedburner.com,32437.7
418,Birdie,Di Iorio,bdiioriobl@123-reg.co.uk,78496.24
419,Maynard,Chugg,mchuggbm@statcounter.com,66729.84
420,Lonnie,Hammon,lhammonbn@squarespace.com,90130.02
421,Kial,Robison,krobisonbo@usa.gov,70068.51
422,Dan,Mecchi,dmecchibp@moonfruit.com,99898.17
423,Reinhold,Munnis,rmunnisbq@com.com,69814.02
424,Irma,Pobjoy,ipobjoybr@typepad.com,64534.33
425,Joleen,Brackenbury,jbrackenburybs@europa.eu,59297.89
426,Mayor,Coumbe,mcoumbebt@imdb.com,80022.16
427,Muffin,Francillo,mfrancillobu@deviantart.com,30013.4
428,Kimmi,Hembrow,khembrowbv@jigsy.com,74484.06
429,Alanah,Byneth,abynethbw@multiply.com,73012.24
430,Harold,Mityakov,hmityakovbx@deliciousdays.com,35791.21
431,Cleve,Harburtson,charburtsonby@furl.net,67669.85
432,Husein,Beddow,hbeddowbz@ucoz.ru,14733.83
433,Dorry,Nester,dnesterc0@admin.ch,92445.58
434,Moore,Salsberg,msalsbergc1@xinhuanet.com,29534.99
435,Quillan,Biaggetti,qbiaggettic2@comcast.net,54073.63
436,Adham,Dorbin,adorbinc3@1und1.de,79763.04
437,Edithe,Lethardy,elethardyc4@comsenz.com,35023.3
438,Kit,Jennick,kjennickc5@blogger.com,76342.38
439,Gabriel,Oake,goakec6@upenn.edu,43982.19
440,Winnie,Girth,wgirthc7@elpais.com,88816.96
441,Mallory,Kaszper,mkaszperc8@hostgator.com,80709.18
442,Wash,Monckman,wmonckmanc9@dyndns.org,34448.51
443,Carly,Jencken,cjenckenca@furl.net,73114.12
444,Leanna,Antoni,lantonicb@uiuc.edu,58173.13
445,Elyse,Rawlings,erawlingscc@tmall.com,81828.37
446,Ole,Jilliss,ojillisscd@discovery.com,76576.92
447,Ana,Fury,afuryce@vinaora.com,37714.28
448,Flo,Meas,fmeascf@merriam-webster.com,87273.85
449,Olimpia,Hallowell,ohallowellcg@friendfeed.com,78520.69
450,Addison,Relf,arelfch@devhub.com,44493.72
451,Arv,Gricewood,agricewoodci@state.gov,44171.6
452,Bettine,Braiden,bbraidencj@wix.com,32179.04
453,Issy,Giacubo,igiacubock@opensource.org,24965.27
454,Gayle,Holde,gholdecl@wordpress.com,83466.46
455,Consalve,Elington,celingtoncm@imdb.com,81238.88
456,Libbey,Keating,lkeatingcn@china.com.cn,79519.29
457,Giorgio,Boakes,gboakesco@github.io,29805.41
458,Georgie,Setterington,gsetteringtoncp@yelp.com,99829.27
459,Laney,Jirzik,ljirzikcq@yolasite.com,58849.82
460,Hailee,Kennaway,hkennawaycr@drupal.org,40584.92
461,Claudelle,Larvin,clarvincs@feedburner.com,18573.27
462,Timmi,Gould,tgouldct@unicef.org,15787.99
463,Wash,Maylam,wmaylamcu@nationalgeographic.com,67595.71
464,Alida,Lilie,aliliecv@unesco.org,82983.98
465,Latisha,Mallen,lmallencw@360.cn,45883.2
466,Hortense,Perview,hperviewcx@berkeley.edu,83763.65
467,Perry,Caulcutt,pcaulcuttcy@aol.com,49900.31
468,Willabella,McClinton,wmcclintoncz@scientificamerican.com,63551.45
469,Shaughn,Risbridge,srisbridged0@nhs.uk,22829.68
470,Nickie,O'Sharry,nosharryd1@elegantthemes.com,54508.8
471,Ryann,Meiner,rmeinerd2@craigslist.org,27136.62
472,Fanchon,Rintoul,frintould3@w3.org,62657.4
473,Toby,Slad,tsladd4@cafepress.com,27070.58
474,Yul,Shields,yshieldsd5@simplemachines.org,62707.78
475,Bron,Benito,bbenitod6@upenn.edu,76798.27
476,Arlyne,Shoute,ashouted7@macromedia.com,81960.47
477,Feliza,Cruise,fcruised8@sbwire.com,58094.08
478,Electra,Abbie,eabbied9@cyberchimps.com,40409.45
479,Patrice,Grisenthwaite,pgrisenthwaiteda@squarespace.com,77861.91
480,Dinah,Hearnaman,dhearnamandb@prnewswire.com,31989.08
481,Goddard,Klimov,gklimovdc@prweb.com,92514.19
482,Aile,Biggin,abiggindd@tiny.cc,48398.16
483,Haskell,Ricciardello,hricciardellode@github.com,12067.94
484,Gwenni,Redford,gredforddf@google.de,55242.18
485,Julian,Shorland,jshorlanddg@sakura.ne.jp,71633.99
486,Tabbatha,Bowler,tbowlerdh@spiegel.de,47649.56
487,Rudy,Scrammage,rscrammagedi@cocolog-nifty.com,46640.58
488,Faina,Whyard,fwhyarddj@china.com.cn,42786.0
489,Josi,Veracruysse,jveracruyssedk@alibaba.com,18657.87
490,Claire,Gaunt,cgauntdl@cpanel.net,18158.39
491,Zebulen,Brimley,zbrimleydm@cmu.edu,68541.47
492,Sharyl,Buckwell,sbuckwelldn@com.com,10372.28
493,Shauna,Partrick,spartrickdo@mashable.com,40311.56
494,Erna,Yurocjhin,eyurocjhindp@ask.com,46312.06
495,Lock,Poleye,lpoleyedq@umich.edu,28782.88
496,Aurea,Dannell,adannelldr@shareasale.com,49038.82
497,Rod,Lovemore,rlovemoreds@skyrock.com,47776.99
498,Rusty,Annakin,rannakindt@macromedia.com,60410.91
499,Dorie,Judd,djudddu@umich.edu,28806.7
500,Kahlil,Kamen,kkamendv@weather.com,22935.39
501,Kiley,Reston,krestondw@ameblo.jp,96394.43
502,Libbi,Woodyatt,lwoodyattdx@yandex.ru,67520.11
503,Hubey,Mandre,hmandredy@mashable.com,30712.39
504,Katherine,Desquesnes,kdesquesnesdz@skype.com,73442.54
505,Lanita,Treamayne,ltreamaynee0@time.com,82716.7
506,Alexandrina,Losebie,alosebiee1@netvibes.com,68206.75
507,Celinka,Bertwistle,cbertwistlee2@foxnews.com,79016.85
508,Selena,Larvor,slarvore3@cmu.edu,21346.51
509,Benedict,Jervoise,bjervoisee4@hhs.gov,50523.05
510,Annalee,Denes,adenese5@ifeng.com,44691.91
511,Early,De Cruce,edecrucee6@tinypic.com,52925.56
512,Bryn,McClune,bmcclunee7@oakley.com,68270.97
513,Clarke,Dey,cdeye8@networksolutions.com,17604.43
514,Valry,Hails,vhailse9@apple.com,54979.65
515,Faina,Sherar,fsherarea@nasa.gov,42433.56
516,Penny,Waplington,pwaplingtoneb@ucla.edu,66788.59
517,Pepita,Bissell,pbissellec@cocolog-nifty.com,16186.86
518,Hal,Bradder,hbraddered@businessweek.com,53465.23
519,Yalonda,Doore,ydooreee@forbes.com,11207.64
520,Lucy,Doran,ldoranef@patch.com,40342.76
521,Aveline,Flea,afleaeg@dropbox.com,23067.45
522,Ban,Leverton,blevertoneh@google.com.au,56844.27
523,Corena,Swayte,cswayteei@hibu.com,53257.15
524,Gerard,Wiburn,gwiburnej@sohu.com,70870.81
525,Lanny,Littlejohn,llittlejohnek@51.la,95556.88
526,Marilee,Kilgrove,mkilgroveel@dagondesign.com,76317.76
527,Neil,Jarrett,njarrettem@walmart.com,15503.2
528,Tony,Loos,tloosen@nifty.com,29092.95
529,Juline,McCaughey,jmccaugheyeo@unc.edu,50554.24
530,Stevie,Lozano,slozanoep@mail.ru,34069.58
531,Ramsey,Graddon,rgraddoneq@t-online.de,70446.37
532,Rouvin,Farnish,rfarnisher@walmart.com,19781.33
533,Cody,Stidston,cstidstones@desdev.cn,48942.27
534,Fara,Ilyukhov,filyukhovet@arstechnica.com,62591.15
535,Fidel,Ochterlony,fochterlonyeu@cnet.com,67786.65
536,Nalani,Olivia,noliviaev@theatlantic.com,94311.4
537,Kennan,Schwandt,kschwandtew@t.co,85123.18
538,Christos,Cancellieri,ccancellieriex@cdc.gov,72989.68
539,Ilysa,McCreery,imccreeryey@yahoo.co.jp,27239.81
540,Leena,Gout,lgoutez@accuweather.com,53356.49
541,Sydney,Plows,splowsf0@sourceforge.net,34476.7
542,Farr,Montez,fmontezf1@hao123.com,68583.15
543,Irwin,Allsopp,iallsoppf2@sogou.com,19389.96
544,Godard,Mattheeuw,gmattheeuwf3@engadget.com,97715.33
545,Milo,Humby,mhumbyf4@techcrunch.com,38235.91
546,Olva,Hurdedge,ohurdedgef5@pbs.org,61741.49
547,Bard,Ambrosch,bambroschf6@wix.com,52909.47
548,Anabal,Rayhill,arayhillf7@weebly.com,17597.62
549,Jordon,Attewell,jattewellf8@usatoday.com,46287.0
550,Jillayne,Barbrook,jbarbrookf9@meetup.com,94867.83
551,Vladimir,Sprott,vsprottfa@soundcloud.com,24705.16
552,Wandis,Isley,wisleyfb@biblegateway.com,66339.17
553,Karlens,Jakubowski,kjakubowskifc@github.io,51314.15
554,Tory,Jessopp,tjessoppfd@google.com,66155.08
555,Christopher,Grayer,cgrayerfe@amazonaws.com,77074.56
556,Giorgi,Ech,gechff@va.gov,47819.78
557,Ody,Twitchings,otwitchingsfg@over-blog.com,59832.1
558,Prudi,Husher,phusherfh@nyu.edu,98583.24
559,Jedediah,Pudney,jpudneyfi@mashable.com,44280.35
560,Cass,Jeffrey,cjeffreyfj@friendfeed.com,80010.89
561,Rafael,Spreag,rspreagfk@live.com,65979.25
562,Ilaire,Flori,iflorifl@oaic.gov.au,42655.69
563,Justis,Goulston,jgoulstonfm@illinois.edu,22113.76
564,Ros,Rooms,rroomsfn@facebook.com,85155.04
565,Howey,Giordano,hgiordanofo@flavors.me,60912.65
566,Babs,Gooderick,bgooderickfp@tiny.cc,66227.31
567,Zelma,Oldman,zoldmanfq@deliciousdays.com,51613.13
568,Martica,Dwane,mdwanefr@house.gov,76094.9
569,Marj,Bumby,mbumbyfs@aol.com,35817.48
570,Sylas,Aslen,saslenft@icq.com,26332.89
571,Melania,Klessmann,mklessmannfu@stumbleupon.com,48537.3
572,Gerrard,Stangoe,gstangoefv@histats.com,90283.4
573,Anselma,Edgler,aedglerfw@t.co,39619.87
574,Shaina,Selvester,sselvesterfx@geocities.jp,17169.64
575,Mauricio,Crutcher,mcrutcherfy@gov.uk,39678.4
576,Kennie,Sirman,ksirmanfz@devhub.com,57323.26
577,Ringo,Sitlington,rsitlingtong0@reuters.com,26956.4
578,Jareb,Wildt,jwildtg1@goo.ne.jp,37510.97
579,Inna,Chesterman,ichestermang2@shutterfly.com,30909.61
580,Oswald,McTeer,omcteerg3@sphinn.com,76744.04
581,Isabeau,Lotterington,ilotteringtong4@theglobeandmail.com,16553.97
582,Dana,Blastock,dblastockg5@chron.com,81574.73
583,Christiana,Matisse,cmatisseg6@washington.edu,11356.28
584,Eugen,Baylie,ebaylieg7@fema.gov,38926.15
585,Hunfredo,Gettins,hgettinsg8@etsy.com,30860.7
586,Kerrill,Robker,krobkerg9@smugmug.com,61071.57
587,Christal,Bolsover,cbolsoverga@about.com,54991.17
588,Caresse,Jerred,cjerredgb@java.com,38943.12
589,Kevon,Ling,klinggc@hexun.com,35274.73
590,Nicolais,Gerrell,ngerrellgd@prlog.org,72919.94
591,Jdavie,Tailby,jtailbyge@narod.ru,57190.71
592,Jade,Gravenell,jgravenellgf@dell.com,50897.87
593,Katrinka,Vaulkhard,kvaulkhardgg@tripadvisor.com,57890.68
594,Sydney,Stitson,sstitsongh@cnn.com,78978.79
595,Winnifred,Leadbetter,wleadbettergi@homestead.com,41989.03
596,Rayshell,Middlemiss,rmiddlemissgj@reverbnation.com,90705.23
597,Gregor,Skene,gskenegk@ftc.gov,48222.49
598,Normy,Spedding,nspeddinggl@hubpages.com,62838.38
599,Valenka,Hastelow,vhastelowgm@prweb.com,39621.42
600,Parke,Piscopo,ppiscopogn@sfgate.com,97163.63
601,Dexter,Kirlin,dkirlingo@youtu.be,61420.28
602,Ashlee,Beckitt,abeckittgp@hhs.gov,26129.4
603,Sunny,Connerly,sconnerlygq@google.co.uk,38867.79
604,Bealle,Brandin,bbrandingr@eventbrite.com,74817.44
605,Dorian,Crook,dcrookgs@deliciousdays.com,65255.49
606,Burke,Klyn,bklyngt@w3.org,57268.92
607,Debra,Baildon,dbaildongu@comcast.net,75448.77
608,Barde,Garvagh,bgarvaghgv@marketwatch.com,45314.93
609,Genvieve,Putman,gputmangw@pbs.org,92305.22
610,Olimpia,Yakubowicz,oyakubowiczgx@over-blog.com,92893.93
611,Tasia,Acott,tacottgy@mysql.com,51927.45
612,Cairistiona,Kilcoyne,ckilcoynegz@360.cn,33719.92
613,Halie,Jansens,hjansensh0@bbb.org,20908.58
614,Jocko,Blaylock,jblaylockh1@addthis.com,63565.98
615,Hervey,Dibbs,hdibbsh2@jimdo.com,50760.67
616,Auria,Fullman,afullmanh3@constantcontact.com,73177.81
617,Desmund,Sheran,dsheranh4@biblegateway.com,99690.23
618,Hally,MacMeeking,hmacmeekingh5@symantec.com,20542.52
619,Scot,Hazelgreave,shazelgreaveh6@friendfeed.com,39524.27
620,Dorthy,Gamell,dgamellh7@dagondesign.com,37209.35
621,Issiah,Flecknoe,iflecknoeh8@independent.co.uk,56057.79
622,Brion,Renals,brenalsh9@github.io,57376.43
623,Leyla,Rafter,lrafterha@cloudflare.com,76233.3
624,Emilio,Bocken,ebockenhb@cbsnews.com,80083.66
625,Chryste,Dunphy,cdunphyhc@harvard.edu,61202.12
626,Ira,Aizlewood,iaizlewoodhd@webeden.co.uk,14026.76
627,Craggy,Iwaszkiewicz,ciwaszkiewiczhe@addthis.com,94169.64
628,Roderigo,Gilmour,rgilmourhf@google.it,50086.18
629,Natasha,McIlvoray,nmcilvorayhg@mozilla.org,25845.34
630,Laurianne,Label,llabelhh@xing.com,40034.66
631,Jess,Ellingford,jellingfordhi@dmoz.org,46687.74
632,Beitris,Gayden,bgaydenhj@ycombinator.com,45085.66
633,Lily,Mehew,lmehewhk@forbes.com,97230.04
634,Patti,Lutman,plutmanhl@webnode.com,77400.22
635,Jedidiah,Andren,jandrenhm@thetimes.co.uk,35742.42
636,Park,Lidgett,plidgetthn@php.net,71135.87
637,Hazel,Gilcrist,hgilcristho@mapy.cz,49669.26
638,Zilvia,Gareisr,zgareisrhp@telegraph.co.uk,10489.51
639,Reynold,Krollmann,rkrollmannhq@altervista.org,77238.05
640,Juditha,Trippick,jtrippickhr@hc360.com,59515.95
641,Emmit,Hulls,ehullshs@mapy.cz,39444.56
642,Remington,Iacapucci,riacapucciht@smugmug.com,63508.11
643,Leif,Simak,lsimakhu@quantcast.com,55448.72
644,Norby,Strutley,nstrutleyhv@amazonaws.com,77660.61
645,Valentina,Forth,vforthhw@rediff.com,29205.25
646,Zaria,Cattellion,zcattellionhx@elegantthemes.com,76741.79
647,Zaria,Patshull,zpatshullhy@cam.ac.uk,63714.47
648,Jayme,Gauthorpp,jgauthorpphz@photobucket.com,58875.76
649,Ingmar,Crowdace,icrowdacei0@fda.gov,52625.53
650,Veda,Sherrum,vsherrumi1@bluehost.com,67400.89
651,Appolonia,Oxlee,aoxleei2@harvard.edu,79361.63
652,Scarlet,Fissenden,sfissendeni3@adobe.com,12485.65
653,Ronnie,Crandon,rcrandoni4@myspace.com,38788.24
654,Essie,Antoniak,eantoniaki5@diigo.com,60087.56
655,Coral,Font,cfonti6@google.fr,67402.07
656,Uri,Fike,ufikei7@blinklist.com,30391.55
657,Edwina,Glentz,eglentzi8@java.com,56842.59
658,Claybourne,Beccles,cbecclesi9@hao123.com,90989.21
659,Hyacinthie,Castano,hcastanoia@huffingtonpost.com,36771.51
660,Wilma,Thiem,wthiemib@smh.com.au,69507.49
661,Kaela,Pickerin,kpickerinic@friendfeed.com,18631.48
662,Merrick,Jouanot,mjouanotid@macromedia.com,87215.44
663,Adriano,Jurek,ajurekie@aboutads.info,25041.4
664,Steffie,Sharpley,ssharpleyif@arstechnica.com,65906.76
665,Preston,Carah,pcarahig@csmonitor.com,36471.63
666,Keene,Santon,ksantonih@youtube.com,69013.16
667,Christabella,Boate,cboateii@ning.com,20122.38
668,Allistir,Emms,aemmsij@macromedia.com,38410.63
669,Hyacintha,Ashbrook,hashbrookik@state.tx.us,67039.59
670,Dennie,Guerriero,dguerrieroil@netvibes.com,72081.03
671,Fredrick,Royse,froyseim@amazon.com,17103.12
672,Evaleen,Gerrell,egerrellin@plala.or.jp,93474.67
673,Gregorio,Wasson,gwassonio@wordpress.com,96547.36
674,Marven,Blankhorn,mblankhornip@unblog.fr,37683.53
675,Kalie,Shallow,kshallowiq@tiny.cc,84745.0
676,Archaimbaud,Pietron,apietronir@studiopress.com,23722.36
677,Wadsworth,Huffa,whuffais@amazonaws.com,79019.19
678,Berget,Redford,bredfordit@google.cn,85940.3
679,Malia,Ream,mreamiu@va.gov,99025.41
680,Tamarah,Dunton,tduntoniv@springer.com,77811.03
681,Cara,Eccleshall,ceccleshalliw@smh.com.au,17816.83
682,Colby,McKibbin,cmckibbinix@flickr.com,11492.15
683,Levey,McGonigle,lmcgonigleiy@webnode.com,98426.91
684,Urson,Scantlebury,uscantleburyiz@tinypic.com,66379.48
685,Ainslee,Peegrem,apeegremj0@godaddy.com,80521.93
686,Christabel,Yanuk,cyanukj1@jigsy.com,45202.43
687,Chelsie,Snape,csnapej2@archive.org,86148.65
688,Jeanelle,Blake,jblakej3@columbia.edu,41335.93
689,Michel,Orrick,morrickj4@jalbum.net,71244.89
690,Robenia,Welfare,rwelfarej5@wp.com,27267.07
691,Mahala,Luckes,mluckesj6@shop-pro.jp,62072.48
692,Julio,Swindells,jswindellsj7@slideshare.net,56796.41
693,Nedi,Lubeck,nlubeckj8@hexun.com,77556.33
694,Elaine,Kiernan,ekiernanj9@rakuten.co.jp,31666.84
695,Verla,Muscat,vmuscatja@constantcontact.com,85399.54
696,Ortensia,Blowne,oblownejb@mozilla.com,87482.99
697,Ruy,Tyrwhitt,rtyrwhittjc@pinterest.com,61900.59
698,Tim,Tolomelli,ttolomellijd@google.co.uk,52187.98
699,Meredith,Bau,mbauje@ibm.com,57592.75
700,Gerhard,Averay,gaverayjf@un.org,54626.62
701,Nataniel,Dumbreck,ndumbreckjg@toplist.cz,30625.62
702,Mikel,Goter,mgoterjh@chicagotribune.com,29427.65
703,Clerc,Perrat,cperratji@51.la,14565.44
704,Darnell,Guerre,dguerrejj@mail.ru,28977.19
705,Hildegaard,Edmondson,hedmondsonjk@mozilla.com,80467.57
706,Howie,Laity,hlaityjl@ibm.com,57455.28
707,Bennett,Zarfat,bzarfatjm@netlog.com,45089.63
708,Keary,Pieper,kpieperjn@yolasite.com,54166.44
709,Viki,Presdie,vpresdiejo@si.edu,33412.97
710,Nydia,Battaille,nbattaillejp@ibm.com,81736.49
711,Venus,Bertome,vbertomejq@live.com,15465.66
712,Gisella,Deware,gdewarejr@tripadvisor.com,63962.32
713,Tersina,Woodruff,twoodruffjs@aol.com,40173.94
714,Reuven,Sheahan,rsheahanjt@wufoo.com,94126.07
715,Clovis,Laidel,claidelju@goodreads.com,43781.38
716,Raymond,Dunford,rdunfordjv@acquirethisname.com,23548.94
717,Oriana,Lorrimer,olorrimerjw@163.com,52947.4
718,Anne-marie,Thompstone,athompstonejx@reddit.com,19363.52
719,Rosalinde,Wollacott,rwollacottjy@reuters.com,40782.4
720,Brucie,Hunnam,bhunnamjz@yellowpages.com,49796.82
721,Roi,Raffon,rraffonk0@utexas.edu,14916.59
722,Cathie,Parsonson,cparsonsonk1@wikipedia.org,58122.04
723,Rubia,Walrond,rwalrondk2@w3.org,45506.36
724,Noah,Gillyett,ngillyettk3@msu.edu,53889.66
725,Thorndike,Vasin,tvasink4@google.co.jp,70371.56
726,Vince,Willers,vwillersk5@multiply.com,21311.09
727,Ailis,Starsmeare,astarsmearek6@etsy.com,24716.57
728,Darrick,Galley,dgalleyk7@deliciousdays.com,55387.17
729,Baxie,Gisby,bgisbyk8@bbc.co.uk,50502.22
730,Hana,Weddeburn - Scrimgeour,hweddeburnscrimgeourk9@google.ca,84841.3
731,Niccolo,Batham,nbathamka@amazonaws.com,64476.76
732,Christie,Bedow,cbedowkb@techcrunch.com,14507.67
733,Rosene,Wolfit,rwolfitkc@symantec.com,68596.86
734,Hillyer,Richmont,hrichmontkd@bbc.co.uk,12746.28
735,Connie,Jzak,cjzakke@pen.io,40482.39
736,Manon,Dale,mdalekf@cargocollective.com,74411.97
737,Salvador,Walbridge,swalbridgekg@webs.com,12803.62
738,Malissa,Signore,msignorekh@jiathis.com,54853.05
739,Flor,Dwyr,fdwyrki@goo.ne.jp,22465.12
740,Cole,Midson,cmidsonkj@ca.gov,41053.49
741,Camella,Stennard,cstennardkk@cam.ac.uk,34477.39
742,Ignatius,Eseler,ieselerkl@umich.edu,30538.27
743,Audrey,Fanshawe,afanshawekm@yolasite.com,69487.88
744,Harlie,Yedall,hyedallkn@webeden.co.uk,68018.55
745,Katleen,Dran,kdranko@bbb.org,86886.51
746,Coletta,Richemond,crichemondkp@trellian.com,26745.11
747,Ki,Twaits,ktwaitskq@friendfeed.com,87417.0
748,Willamina,Lutsch,wlutschkr@senate.gov,76284.0
749,Cornelius,Bedow,cbedowks@fc2.com,40246.99
750,Claudia,Licquorish,clicquorishkt@hp.com,81994.07
751,Jephthah,Lonnon,jlonnonku@skyrock.com,60644.2
752,Michal,Olech,molechkv@bloglines.com,73319.32
753,Rosabel,Schafer,rschaferkw@cafepress.com,55319.75
754,Dominica,Snyder,dsnyderkx@china.com.cn,57693.31
755,Oneida,Linnemann,olinnemannky@jugem.jp,65634.94
756,Adela,Prosek,aprosekkz@bandcamp.com,30104.21
757,Alair,Jacke,ajackel0@nytimes.com,90040.09
758,Tanny,Lofting,tloftingl1@gmpg.org,24705.98
759,Mitchell,Plowell,mplowelll2@nps.gov,24907.02
760,Maible,Coots,mcootsl3@istockphoto.com,68164.22
761,Boothe,Claasen,bclaasenl4@51.la,68524.23
762,Lorrie,Backshaw,lbackshawl5@delicious.com,46431.11
763,Ulrike,Britt,ubrittl6@yahoo.co.jp,47156.47
764,Ginevra,Morson,gmorsonl7@pbs.org,77218.78
765,Arny,Romney,aromneyl8@4shared.com,89161.23
766,Noell,McRill,nmcrilll9@twitpic.com,72535.79
767,Spike,Cribbott,scribbottla@examiner.com,40536.85
768,Roman,Ogers,rogerslb@ifeng.com,20230.5
769,Alyosha,Rothery,arotherylc@dailymail.co.uk,96398.69
770,Reeva,Fidelli,rfidellild@linkedin.com,20251.12
771,Kattie,Karpets,kkarpetsle@google.com.br,98082.18
772,Elihu,Lewsey,elewseylf@pcworld.com,57876.05
773,Shepherd,Waplington,swaplingtonlg@java.com,26975.08
774,Domeniga,Matchett,dmatchettlh@exblog.jp,21438.02
775,Ahmed,Eagle,aeagleli@goodreads.com,85786.15
776,Costanza,Baselio,cbaseliolj@mapquest.com,79292.38
777,Cherrita,Chadband,cchadbandlk@cam.ac.uk,92628.61
778,Emeline,Lutman,elutmanll@blog.com,51603.26
779,Moira,Sellick,msellicklm@princeton.edu,57000.0
780,Virgie,Charlesworth,vcharlesworthln@comsenz.com,78794.36
781,Valentijn,Fitzsimmons,vfitzsimmonslo@yelp.com,71905.9
782,Micki,Binge,mbingelp@ca.gov,85494.7
783,Amy,Lean,aleanlq@tiny.cc,53829.6
784,Nat,Brewins,nbrewinslr@google.com.au,75892.57
785,Mariette,Nourse,mnoursels@java.com,77573.06
786,Mohammed,Wallett,mwallettlt@ucoz.ru,86489.88
787,Terencio,Lohrensen,tlohrensenlu@w3.org,68892.67
788,Beltran,Quarles,bquarleslv@disqus.com,92968.65
789,Felice,Huge,fhugelw@nih.gov,68041.27
790,Alisa,Stilgo,astilgolx@aol.com,36295.01
791,Cherlyn,Ainger,caingerly@moonfruit.com,69454.51
792,Kathye,Whittock,kwhittocklz@pbs.org,43891.11
793,Mitchel,Cowhig,mcowhigm0@admin.ch,25822.38
794,Shane,Swadling,sswadlingm1@mozilla.com,56334.16
795,Althea,Girard,agirardm2@time.com,99014.59
796,Rosalinda,Orsay,rorsaym3@aol.com,52720.06
797,Rayna,Demogeot,rdemogeotm4@163.com,21592.79
798,Nikolaus,Hurnell,nhurnellm5@fda.gov,17040.45
799,Maxie,Saywell,msaywellm6@oracle.com,79087.49
800,Janaye,Boagey,jboageym7@nydailynews.com,81045.79
801,Amy,Dahlen,adahlenm8@booking.com,51647.69
802,Arlen,Fydo,afydom9@people.com.cn,58470.02
803,Sheela,McCafferky,smccafferkyma@plala.or.jp,62084.17
804,Levin,Worcs,lworcsmb@ebay.com,70422.1
805,York,Dixsee,ydixseemc@topsy.com,83761.75
806,Gena,Jochen,gjochenmd@nyu.edu,22399.28
807,Arda,Dymocke,adymockeme@smugmug.com,13112.06
808,Averil,Servant,aservantmf@infoseek.co.jp,94560.36
809,Ros,Bidgod,rbidgodmg@dot.gov,52766.04
810,Karen,Dibbert,kdibbertmh@springer.com,83383.09
811,Licha,Blanking,lblankingmi@engadget.com,19916.75
812,Claribel,Bullivent,cbulliventmj@fotki.com,52977.76
813,Winnah,Ferrandez,wferrandezmk@sakura.ne.jp,51161.13
814,Sherman,Glaysher,sglaysherml@cyberchimps.com,59552.55
815,Jarib,Laffin,jlaffinmm@bing.com,29178.96
816,Spense,Iannini,sianninimn@nasa.gov,84293.32
817,Kirk,Billsberry,kbillsberrymo@opensource.org,41320.0
818,Oralie,Gallanders,ogallandersmp@admin.ch,50650.97
819,Judah,Corston,jcorstonmq@xrea.com,36971.29
820,Jasmin,Cobbe,jcobbemr@ustream.tv,15811.53
821,Almeria,Hatherleigh,ahatherleighms@imageshack.us,46136.17
822,Amber,Mitchel,amitchelmt@dailymotion.com,74076.73
823,Zacharias,Stubbeley,zstubbeleymu@uiuc.edu,80476.11
824,Darrel,Amiable,damiablemv@theguardian.com,37927.0
825,Marcille,Piatkowski,mpiatkowskimw@who.int,59555.49
826,Johannah,Pladen,jpladenmx@blogs.com,53375.59
827,Barnabas,Hellis,bhellismy@wix.com,99655.3
828,Woodie,Klimashevich,wklimashevichmz@drupal.org,56369.32
829,Winthrop,Tague,wtaguen0@deviantart.com,65643.49
830,Jennee,Antoniat,jantoniatn1@pen.io,22221.57
831,Howey,Kerne,hkernen2@woothemes.com,76079.59
832,Tobi,Monroe,tmonroen3@exblog.jp,18151.3
833,Derrick,McCowen,dmccowenn4@smh.com.au,83935.53
834,Dorella,Hillyatt,dhillyattn5@google.com,56443.71
835,Gabbey,Ritelli,gritellin6@twitter.com,11029.75
836,Granger,Frostdyke,gfrostdyken7@sogou.com,90307.73
837,Boyce,Bothen,bbothenn8@ftc.gov,57773.77
838,Hy,Everley,heverleyn9@soundcloud.com,42423.48
839,Josephina,Hemms,jhemmsna@bing.com,55324.75
840,Melodee,Yeabsley,myeabsleynb@tinyurl.com,31327.58
841,Druci,Corinton,dcorintonnc@bbc.co.uk,90760.19
842,Jarret,Marwood,jmarwoodnd@oaic.gov.au,66291.1
843,Sarita,McGawn,smcgawnne@desdev.cn,99644.29
844,Lind,Culshew,lculshewnf@xinhuanet.com,20164.5
845,Kristy,Aneley,kaneleyng@networkadvertising.org,76177.68
846,Saxon,Tettley,stettleynh@yahoo.com,45236.79
847,Karee,Hulland,khullandni@mlb.com,57656.01
848,Nicol,Dobbie,ndobbienj@mozilla.com,32338.86
849,Gabi,Ambrogini,gambroginink@utexas.edu,45905.95
850,Krissy,Cole,kcolenl@squarespace.com,89757.19
851,Lexis,Yukhnini,lyukhnininm@accuweather.com,60721.0
852,Belle,Strafen,bstrafennn@ustream.tv,69366.28
853,Carolyne,MacGettigen,cmacgettigenno@fotki.com,32439.3
854,Yoshi,Worral,yworralnp@ftc.gov,15357.97
855,Marleah,Elvidge,melvidgenq@naver.com,48177.41
856,Maridel,Melvin,mmelvinnr@ocn.ne.jp,39237.51
857,Flore,Salle,fsallens@youku.com,78337.98
858,Abby,Carrett,acarrettnt@sun.com,42659.8
859,Lillis,Iiannoni,liiannoninu@istockphoto.com,54114.98
860,Tedie,Lutzmann,tlutzmannnv@linkedin.com,57061.56
861,My,Bowstead,mbowsteadnw@altervista.org,61446.74
862,Daniele,Haulkham,dhaulkhamnx@cnet.com,85792.2
863,Valery,Carvil,vcarvilny@naver.com,96950.17
864,Shandie,Gronaver,sgronavernz@bandcamp.com,18323.54
865,Karrie,Braghini,kbraghinio0@instagram.com,67007.0
866,Ebonee,Murrhaupt,emurrhaupto1@ftc.gov,67114.68
867,Hatti,Tolwood,htolwoodo2@indiegogo.com,10059.49
868,Michele,Rainer,mrainero3@skype.com,55528.91
869,Cordy,Peffer,cpeffero4@europa.eu,20436.28
870,Lea,Henstridge,lhenstridgeo5@livejournal.com,68838.78
871,Lexi,Sherlaw,lsherlawo6@parallels.com,61830.56
872,Elga,Lurriman,elurrimano7@disqus.com,96996.99
873,David,Allwood,dallwoodo8@netvibes.com,52109.8
874,Armando,Klisch,aklischo9@a8.net,80008.86
875,Marylin,Cadreman,mcadremanoa@nbcnews.com,72324.94
876,Rriocard,Bousler,rbouslerob@163.com,46750.83
877,Thom,Hoofe,thoofeoc@cnet.com,94751.52
878,Robby,Purry,rpurryod@hao123.com,48908.22
879,Cissy,Genney,cgenneyoe@state.gov,82312.18
880,Beckie,Cullivan,bcullivanof@bizjournals.com,83505.91
881,Nell,Summerson,nsummersonog@etsy.com,33098.23
882,Burk,O'Noulane,bonoulaneoh@w3.org,27153.56
883,Lucita,Carcass,lcarcassoi@altervista.org,86138.13
884,Garald,Molan,gmolanoj@europa.eu,92134.65
885,Geoff,D'Orsay,gdorsayok@indiatimes.com,19965.37
886,Florance,Marchent,fmarchentol@vinaora.com,77932.08
887,Fletch,Mapother,fmapotherom@wp.com,87245.56
888,Barbaraanne,Elven,belvenon@nih.gov,58954.25
889,Aida,Banasiak,abanasiakoo@google.ca,96630.6
890,Kristofer,Ferrie,kferrieop@netscape.com,84119.33
891,Scottie,Gobert,sgobertoq@imgur.com,24442.93
892,Reinaldos,Flanders,rflandersor@usa.gov,24987.65
893,Betta,MacInnes,bmacinnesos@ucla.edu,30908.46
894,Kev,Costigan,kcostiganot@plala.or.jp,97258.12
895,Gilbert,Firebrace,gfirebraceou@ifeng.com,13625.26
896,Rosaleen,Headech,rheadechov@theguardian.com,76704.57
897,Grace,Sparling,gsparlingow@buzzfeed.com,71991.63
898,Brenna,Hallbird,bhallbirdox@geocities.com,39567.9
899,Mick,Chaplyn,mchaplynoy@php.net,14630.2
900,Morgen,Welfair,mwelfairoz@bigcartel.com,72620.0
901,Agnese,Thiolier,athiolierp0@forbes.com,43828.52
902,Augustine,Milmo,amilmop1@google.es,85392.73
903,Helenelizabeth,Melson,hmelsonp2@webnode.com,30222.3
904,Berty,Bordiss,bbordissp3@bigcartel.com,90640.09
905,Amabel,Esselen,aesselenp4@cornell.edu,54968.81
906,Paulie,Hanse,phansep5@netlog.com,17477.32
907,Fitz,Grigoli,fgrigolip6@storify.com,17241.84
908,Phylys,Tweedie,ptweediep7@jiathis.com,77741.71
909,Bordie,Hoggan,bhogganp8@google.pl,90254.91
910,Karoline,Ogelbe,kogelbep9@nhs.uk,52830.05
911,Spencer,Spanton,sspantonpa@photobucket.com,69042.98
912,Eziechiele,Powdrell,epowdrellpb@ocn.ne.jp,40383.99
913,Jorrie,Coggins,jcogginspc@latimes.com,58157.77
914,Olympia,Tallboy,otallboypd@xing.com,89606.68
915,Zoe,Rallin,zrallinpe@msu.edu,51470.7
916,Abeu,Brealey,abrealeypf@gizmodo.com,70855.68
917,Felicle,Gratland,fgratlandpg@ca.gov,82257.99
918,Anabelle,Cornils,acornilsph@forbes.com,56191.91
919,Magda,Simyson,msimysonpi@un.org,23672.97
920,Bliss,MacDuffie,bmacduffiepj@amazon.com,31474.05
921,Montgomery,Harp,mharppk@lycos.com,11870.41
922,Isahella,Matei,imateipl@va.gov,10224.23
923,Chrissie,Swainsbury,cswainsburypm@dagondesign.com,39956.77
924,Weidar,Dowsett,wdowsettpn@bizjournals.com,32088.5
925,Alyssa,McPhee,amcpheepo@youtu.be,77049.47
926,Trent,Cottrill,tcottrillpp@exblog.jp,62653.56
927,Belia,Stearn,bstearnpq@dailymotion.com,49668.89
928,Ripley,Dunsford,rdunsfordpr@weibo.com,29516.21
929,Julianne,Lozano,jlozanops@mysql.com,23264.16
930,Dal,Oakden,doakdenpt@slate.com,44968.19
931,Alexandrina,Shillitto,ashillittopu@spotify.com,11963.34
932,Irwin,Hackworth,ihackworthpv@vimeo.com,81287.48
933,Abram,Ballaam,aballaampw@google.es,70454.25
934,Maggie,Fairbrass,mfairbrasspx@sciencedirect.com,58093.41
935,Otto,Alejandro,oalejandropy@hc360.com,10572.56
936,Kerstin,Thwaite,kthwaitepz@twitter.com,57842.45
937,Merrile,Caroli,mcaroliq0@spotify.com,14340.63
938,Alaric,Turbern,aturbernq1@i2i.jp,13563.45
939,Sal,Laydon,slaydonq2@japanpost.jp,15999.1
940,Juliann,Pannaman,jpannamanq3@japanpost.jp,23543.51
941,Derward,Shurrock,dshurrockq4@ning.com,89459.64
942,Nancey,Cornehl,ncornehlq5@hostgator.com,21958.85
943,Consolata,Gavini,cgaviniq6@soup.io,57236.34
944,Emanuel,Luckham,eluckhamq7@engadget.com,28263.38
945,Blaine,Donnersberg,bdonnersbergq8@pbs.org,98810.46
946,Klaus,Brookfield,kbrookfieldq9@slashdot.org,29056.41
947,Celene,Vankeev,cvankeevqa@oakley.com,68724.37
948,Gary,Sillitoe,gsillitoeqb@symantec.com,72758.63
949,Manda,Bowbrick,mbowbrickqc@answers.com,97613.37
950,Wanda,Wrathmall,wwrathmallqd@4shared.com,83870.0
951,Korie,Bortolutti,kbortoluttiqe@moonfruit.com,81125.68
952,Duky,Dormon,ddormonqf@exblog.jp,36558.34
953,Maxy,Sallowaye,msallowayeqg@t-online.de,51103.21
954,Rahal,Leijs,rleijsqh@plala.or.jp,90551.3
955,Otha,Doubleday,odoubledayqi@google.it,72984.15
956,Hal,Gutridge,hgutridgeqj@nationalgeographic.com,45834.12
957,Fonzie,Hargreaves,fhargreavesqk@cdc.gov,58497.86
958,Nelie,Comizzoli,ncomizzoliql@theglobeandmail.com,31132.81
959,Moise,Ibotson,mibotsonqm@tiny.cc,33537.45
960,Albertine,Haibel,ahaibelqn@i2i.jp,32103.86
961,Jamima,Pratten,jprattenqo@java.com,97618.7
962,Danika,Kits,dkitsqp@yolasite.com,92009.12
963,Aurie,Oldacre,aoldacreqq@flavors.me,29921.27
964,Hymie,Shinefield,hshinefieldqr@eepurl.com,42156.81
965,Tan,Coller,tcollerqs@arstechnica.com,20938.63
966,Daniella,Siemantel,dsiemantelqt@wikia.com,71994.08
967,Grayce,Robbel,grobbelqu@nifty.com,12268.99
968,Zackariah,Storcke,zstorckeqv@forbes.com,76171.97
969,Corena,Bretherick,cbretherickqw@utexas.edu,99750.46
970,Hodge,Murton,hmurtonqx@google.de,67679.26
971,Ranna,Toffanini,rtoffaniniqy@technorati.com,31027.38
972,Myrle,Wilsone,mwilsoneqz@oakley.com,70946.25
973,Magnum,Sadry,msadryr0@cisco.com,35109.12
974,Virginia,Bearcock,vbearcockr1@acquirethisname.com,32446.0
975,Paige,Overlow,poverlowr2@un.org,30950.92
976,Sibley,Birkby,sbirkbyr3@nationalgeographic.com,59846.95
977,Murielle,Peschke,mpeschker4@merriam-webster.com,12885.61
978,Harv,Turnell,hturnellr5@printfriendly.com,83941.33
979,Nonah,Bachelar,nbachelarr6@mlb.com,21645.82
980,Gerardo,Steptowe,gsteptower7@state.gov,69096.97
981,Dukey,Lindup,dlindupr8@google.com.br,67600.4
982,Phip,Uppett,puppettr9@goo.gl,11207.39
983,Reyna,Roset,rrosetra@github.com,28936.46
984,Fons,Goodhay,fgoodhayrb@nyu.edu,19588.59
985,Elliot,Anthoine,eanthoinerc@tripadvisor.com,36578.68
986,Maisie,Valdes,mvaldesrd@blinklist.com,62394.7
987,Jada,Juliano,jjulianore@trellian.com,52867.65
988,Booth,Willingam,bwillingamrf@amazon.co.jp,24191.79
989,Evelin,Crees,ecreesrg@cloudflare.com,95124.8
990,Rosalyn,Brigginshaw,rbrigginshawrh@alibaba.com,25285.04
991,Lari,Kampshell,lkampshellri@nasa.gov,48630.43
992,Bennett,Millichip,bmillichiprj@dyndns.org,35207.36
993,Mahala,Donnett,mdonnettrk@uol.com.br,45064.7
994,Vaclav,Obal,vobalrl@quantcast.com,81213.74
995,Zita,Lait,zlaitrm@deliciousdays.com,70086.92
996,Thorvald,Prinn,tprinnrn@google.com.hk,70606.99
997,Valery,Gremain,vgremainro@independent.co.uk,86695.1
998,Zabrina,MacCole,zmaccolerp@tuttocitta.it,45222.15
999,Bonni,Stollmeyer,bstollmeyerrq@blogs.com,89681.83
1000,Oralie,Aslam,oaslamrr@forbes.com,79819.72
