1,Jody,Pollok,jpollok0@altervista.org,90327.98
2,Waring,Alen,walen1@youku.com,81314.22
3,Ev,Dobrowolny,edobrowolny2@usnews.com,53530.16
4,Hulda,Bloore,hbloore3@weather.com,26500.46
5,Pasquale,Mouland,pmouland4@elpais.com,31010.02
6,Claus,Dudderidge,cdudderidge5@oakley.com,99368.53
7,Lamond,Wagenen,lwagenen6@statcounter.com,10800.08
8,Jeanelle,Rumney,jrumney7@weebly.com,63055.47
9,Ddene,Fielden,dfielden8@who.int,89232.4
10,Cathryn,Dowdell,cdowdell9@pinterest.com,82845.69
11,Teddy,Passby,tpassbya@answers.com,36661.8
12,Rowe,Rame,rrameb@oakley.com,87469.86
13,Brennan,Duddell,bduddellc@slate.com,95537.58
14,York,Sawkin,ysawkind@go.com,66818.42
15,Rosaline,Vautin,rvautine@berkeley.edu,42198.27
16,Celle,Mouat,cmouatf@soundcloud.com,90759.67
17,Kurtis,Goede,kgoedeg@dedecms.com,96123.81
18,Ashly,Oldfield,aoldfieldh@dedecms.com,56899.42
19,Bambi,Simoes,bsimoesi@paginegialle.it,14650.62
20,Wilburt,Aubin,waubinj@odnoklassniki.ru,31119.88
21,Decca,Row,drowk@behance.net,44442.89
22,Emile,Ridgedell,eridgedelll@adobe.com,18358.68
23,Levi,Lamdin,llamdinm@boston.com,74863.54
24,Gardy,Brandle,gbrandlen@quantcast.com,66245.24
25,Garreth,Bromby,gbrombyo@sfgate.com,32305.12
26,Stearne,Longfield,slongfieldp@artisteer.com,47933.63
27,Joya,Lubbock,jlubbockq@hud.gov,52309.04
28,Lorrayne,Allchorne,lallchorner@gizmodo.com,59675.37
29,Kendal,Ratnege,kratneges@miitbeian.gov.cn,18017.07
30,Maurie,Jorcke,mjorcket@taobao.com,91923.53
31,Giustino,Cawthra,gcawthrau@sphinn.com,55663.11
32,Dolly,Readitt,dreadittv@xinhuanet.com,56950.83
33,Tabbie,Kinkade,tkinkadew@aol.com,20626.05
34,Flo,Guilaem,fguilaemx@economist.com,12185.79
35,Bail,Skelly,bskellyy@soup.io,59562.18
36,Annette,Shillabeer,ashillabeerz@youtu.be,22344.1
37,Carlynne,Filimore,cfilimore10@europa.eu,81224.69
38,Tuck,Brozsset,tbrozsset11@cyberchimps.com,81814.54
39,Eloisa,Orteau,eorteau12@apache.org,62571.99
40,Cameron,Dober,cdober13@furl.net,63055.87
41,Rhonda,Maton,rmaton14@msn.com,25470.67
42,Timothee,Danne,tdanne15@about.me,11552.14
43,Agnes,Courson,acourson16@buzzfeed.com,95330.12
44,Lindy,Pedrazzi,lpedrazzi17@prlog.org,93081.92
45,Ahmed,Garrould,agarrould18@twitpic.com,26796.24
46,Tabitha,Colleran,tcolleran19@infoseek.co.jp,98293.15
47,Teena,Marthen,tmarthen1a@google.es,84644.69
48,Jenine,De Dei,jdedei1b@vkontakte.ru,67882.09
49,Lynette,Blanden,lblanden1c@phpbb.com,16171.09
50,Fredelia,Cassedy,fcassedy1d@networkadvertising.org,75331.34
51,Lizbeth,Amoss,lamoss1e@drupal.org,17931.93
52,Billi,Heinzler,bheinzler1f@nbcnews.com,55057.22
53,Cammie,Dionisio,cdionisio1g@webeden.co.uk,54623.6
54,Ingar,Adamou,iadamou1h@time.com,62438.84
55,Mildred,MacIlhagga,mmacilhagga1i@princeton.edu,81474.57
56,Delly,Labarre,dlabarre1j@prnewswire.com,59202.68
57,Sascha,Di Domenico,sdidomenico1k@blinklist.com,61838.69
58,Moyna,Rozea,mrozea1l@bbc.co.uk,66384.36
59,Onida,Merit,omerit1m@mashable.com,66958.43
60,Dexter,Marxsen,dmarxsen1n@webs.com,61790.09
61,Bevvy,Jeandel,bjeandel1o@mapy.cz,62116.34
62,Ardella,Dyter,adyter1p@gnu.org,25217.49
63,Clemente,Quilligan,cquilligan1q@berkeley.edu,59924.29
64,Tonia,Malek,tmalek1r@whitehouse.gov,30372.93
65,Katharine,Sweetsur,ksweetsur1s@answers.com,31840.93
66,Cassius,Ouslem,couslem1t@quantcast.com,64383.66
67,Ivory,Magog,imagog1u@huffingtonpost.com,27823.44
68,Ashla,Lipprose,alipprose1v@upenn.edu,90069.74
69,Skippy,Gillie,sgillie1w@scientificamerican.com,69813.25
70,Mic,Seilmann,mseilmann1x@phoca.cz,76853.35
71,Lillian,Wootton,lwootton1y@irs.gov,51693.46
72,Lani,Kopman,lkopman1z@mapy.cz,53443.99
73,Philippa,Ragdale,pragdale20@java.com,14049.94
74,Lisabeth,Imesen,limesen21@samsung.com,32720.88
75,Hartley,Inge,hinge22@bloomberg.com,54897.5
76,Umeko,Gayne,ugayne23@miibeian.gov.cn,87268.98
77,Howie,Ludee,hludee24@timesonline.co.uk,26642.44
78,Arlette,Ogelsby,aogelsby25@weibo.com,47996.67
79,Kleon,Hobbema,khobbema26@addtoany.com,48790.91
80,Bertram,Onians,bonians27@hubpages.com,21735.75
81,Terri,Jenkerson,tjenkerson28@over-blog.com,28344.86
82,Jania,Kingston,jkingston29@xrea.com,57363.01
83,Ester,Cleevely,ecleevely2a@addtoany.com,44173.2
84,Winn,Durber,wdurber2b@xing.com,73324.05
85,Ysabel,Dunkerley,ydunkerley2c@youtu.be,97590.32
86,Myrta,Tremollet,mtremollet2d@hugedomains.com,12417.54
87,Farrand,Tomkys,ftomkys2e@craigslist.org,46292.13
88,Anica,Gerlts,agerlts2f@comcast.net,95404.56
89,Eduardo,Tregensoe,etregensoe2g@google.nl,30694.86
90,Britt,Vanyatin,bvanyatin2h@vinaora.com,17751.62
91,Marilin,Lichtfoth,mlichtfoth2i@webmd.com,66793.39
92,Edyth,Checketts,echecketts2j@reuters.com,51199.84
93,Wait,Lassey,wlassey2k@apache.org,77002.52
94,Alex,Balle,aballe2l@nifty.com,32388.65
95,Eduino,Corde,ecorde2m@guardian.co.uk,48921.43
96,Carrie,Headland,cheadland2n@illinois.edu,26448.29
97,Banky,Vasquez,bvasquez2o@diigo.com,72334.18
98,Bidget,Spring,bspring2p@uol.com.br,22950.54
99,Norma,Bourdice,nbourdice2q@exblog.jp,68077.69
100,Dew,Heindle,dheindle2r@hhs.gov,57815.59
101,Pauli,O'Loinn,poloinn2s@cnn.com,17489.74
102,Melloney,Henstone,mhenstone2t@auda.org.au,10933.95
103,Otes,Iorillo,oiorillo2u@dailymotion.com,58528.45
104,Cobb,Ellins,cellins2v@oaic.gov.au,95240.75
105,Elke,Chipping,echipping2w@wired.com,96834.34
106,Kellia,Mutter,kmutter2x@paginegialle.it,50127.97
107,Porter,Beernaert,pbeernaert2y@cnbc.com,97958.7
108,Rici,Readett,rreadett2z@who.int,73308.34
109,Parke,Henstone,phenstone30@diigo.com,47818.07
110,Jean,Dudbridge,jdudbridge31@istockphoto.com,39877.66
111,Adrian,Skeel,askeel32@ifeng.com,87279.28
112,Pandora,Yaneev,pyaneev33@shop-pro.jp,82145.56
113,Christal,Winstanley,cwinstanley34@squidoo.com,25905.06
114,Burke,Lared,blared35@wufoo.com,90303.21
115,Roxanna,Jahnke,rjahnke36@php.net,12511.9
116,Katherine,Gouldeby,kgouldeby37@gov.uk,35108.17
117,Revkah,Boddie,rboddie38@webs.com,18103.23
118,Haleigh,Kollatsch,hkollatsch39@china.com.cn,55996.95
119,Margie,Thaller,mthaller3a@canalblog.com,70576.13
120,Constancia,Oger,coger3b@uol.com.br,61080.94
121,Elwin,Epps,eepps3c@patch.com,17901.24
122,Burlie,Rouby,brouby3d@is.gd,43806.46
123,Belvia,Greydon,bgreydon3e@histats.com,48580.24
124,Thorn,Trebble,ttrebble3f@admin.ch,51348.34
125,Trude,Bugge,tbugge3g@ft.com,68669.65
126,Ethel,Franey,efraney3h@baidu.com,60179.11
127,Charisse,Marval,cmarval3i@jugem.jp,43212.67
128,Kalinda,Banisch,kbanisch3j@tmall.com,25951.09
129,Victoir,Dewan,vdewan3k@odnoklassniki.ru,27862.49
130,Janka,Polkinhorn,jpolkinhorn3l@devhub.com,86037.01
131,Kelcey,Wloch,kwloch3m@phoca.cz,50989.94
132,Cheri,Chantillon,cchantillon3n@bravesites.com,85953.21
133,Mikkel,Bever,mbever3o@sphinn.com,56948.46
134,Denna,Daily,ddaily3p@weibo.com,86611.22
135,Taber,Dakin,tdakin3q@miibeian.gov.cn,53209.47
136,Helli,Duthie,hduthie3r@archive.org,83828.66
137,Priscilla,Lohde,plohde3s@independent.co.uk,68443.65
138,Lemmy,Bayle,lbayle3t@free.fr,92571.44
139,Coleman,Blinde,cblinde3u@livejournal.com,82349.83
140,Amii,Gaylor,agaylor3v@tinypic.com,16591.88
141,Sophia,Caney,scaney3w@gmpg.org,60959.67
142,Major,Guthrum,mguthrum3x@buzzfeed.com,11766.89
143,Wendall,Vinas,wvinas3y@cloudflare.com,78639.62
144,Lionello,Estabrook,lestabrook3z@cyberchimps.com,34359.16
145,Caryl,Goodall,cgoodall40@infoseek.co.jp,40558.35
146,Elana,Ivashinnikov,eivashinnikov41@pagesperso-orange.fr,38561.76
147,Jephthah,Turone,jturone42@ft.com,66227.55
148,Xena,Boxer,xboxer43@surveymonkey.com,27367.46
149,Xever,Berresford,xberresford44@privacy.gov.au,43711.52
150,Jehu,Ccomini,jccomini45@etsy.com,70783.37
151,Gabriel,Rickell,grickell46@cmu.edu,59682.27
152,Marylee,Hardie,mhardie47@mail.ru,53799.21
153,Sherye,Whitrod,swhitrod48@ucla.edu,33671.19
154,Demott,Beton,dbeton49@devhub.com,66391.29
155,Rhody,Abela,rabela4a@mashable.com,26092.82
156,Doll,Ovise,dovise4b@edublogs.org,30767.48
157,Jere,Ballinghall,jballinghall4c@ft.com,51646.68
158,Chance,Wynes,cwynes4d@exblog.jp,24686.37
159,Trixi,Clowton,tclowton4e@oracle.com,42157.92
160,Ulises,Beresford,uberesford4f@virginia.edu,38999.68
161,Nahum,Gillise,ngillise4g@addtoany.com,87420.51
162,Kerry,Treuge,ktreuge4h@about.me,68485.66
163,Theadora,Leivers,tleivers4i@1688.com,21117.28
164,Marci,Kingswell,mkingswell4j@tripod.com,17272.48
165,Gussie,Vian,gvian4k@fotki.com,49115.08
166,Cathyleen,Maudlin,cmaudlin4l@guardian.co.uk,78973.17
167,Haily,St Leger,hstleger4m@constantcontact.com,66983.63
168,Hartley,Hughman,hhughman4n@networksolutions.com,20466.82
169,Hedy,Prettjohn,hprettjohn4o@lulu.com,29011.5
170,Anallise,Tutt,atutt4p@hugedomains.com,47378.08
171,Shoshana,Hawtin,shawtin4q@t-online.de,45542.32
172,Millard,Sleford,msleford4r@ihg.com,60820.36
173,Cornie,Lambal,clambal4s@reuters.com,46185.41
174,Fraser,O'Cannovane,focannovane4t@digg.com,58168.66
175,Dore,Houlston,dhoulston4u@economist.com,68285.02
176,Hephzibah,Deeks,hdeeks4v@wordpress.com,10446.38
177,Franni,Kingswell,fkingswell4w@businessweek.com,79037.52
178,Ronda,Croyden,rcroyden4x@mediafire.com,28402.76
179,Concordia,Armytage,carmytage4y@economist.com,46301.51
180,Udale,Garie,ugarie4z@imdb.com,11265.2
181,Rosanna,Cosson,rcosson50@msu.edu,85376.67
182,Haydon,Douche,hdouche51@soundcloud.com,11018.88
183,Kirbee,Glasman,kglasman52@nydailynews.com,99605.83
184,Thurstan,Le Page,tlepage53@blogspot.com,52295.08
185,Sibylla,Beardwood,sbeardwood54@diigo.com,31779.23
186,Dyane,Casford,dcasford55@omniture.com,75232.33
187,Julee,Glossop,jglossop56@prlog.org,42271.52
188,Edi,Quarlis,equarlis57@reverbnation.com,65179.45
189,Cindy,Mundle,cmundle58@foxnews.com,54623.21
190,Glenda,Trayes,gtrayes59@printfriendly.com,11323.9
191,Joshuah,Burrell,jburrell5a@epa.gov,46532.41
192,Elfie,Wilkison,ewilkison5b@oaic.gov.au,76022.41
193,Jarid,MacDermand,jmacdermand5c@boston.com,17062.5
194,Ardith,Pudsey,apudsey5d@barnesandnoble.com,39100.56
195,Heddi,Marlor,hmarlor5e@unicef.org,59715.29
196,Ario,Gummory,agummory5f@senate.gov,57309.57
197,Arda,Dusey,adusey5g@ow.ly,52848.5
198,Vinnie,Yerson,vyerson5h@sogou.com,18466.64
199,Neils,Yeskin,nyeskin5i@latimes.com,77450.53
200,Mallory,Jakubovsky,mjakubovsky5j@indiatimes.com,40267.55
201,Marvin,Castellet,mcastellet5k@stumbleupon.com,34615.64
202,Haily,Thurnham,hthurnham5l@dailymail.co.uk,62515.12
203,Orland,Fulmen,ofulmen5m@globo.com,54749.4
204,Jose,Calton,jcalton5n@webeden.co.uk,72431.79
205,Eugenie,Nower,enower5o@harvard.edu,44020.9
206,Brigitte,Wolton,bwolton5p@amazon.co.uk,16822.51
207,Lanny,Instone,linstone5q@newyorker.com,55814.93
208,Taylor,Plowman,tplowman5r@w3.org,59641.44
209,Marena,Synnot,msynnot5s@youku.com,81085.47
210,Fredek,Dresser,fdresser5t@posterous.com,97760.97
211,Egon,Kynett,ekynett5u@netscape.com,53618.75
212,Lucias,Clougher,lclougher5v@va.gov,45447.33
213,Damon,Dennick,ddennick5w@clickbank.net,66130.23
214,Krystyna,Briscoe,kbriscoe5x@slideshare.net,86703.43
215,Barth,MacCafferty,bmaccafferty5y@wiley.com,93330.6
216,D'arcy,Galton,dgalton5z@techcrunch.com,39712.28
217,Conrado,Pettiward,cpettiward60@sphinn.com,37807.79
218,Ralph,Latter,rlatter61@hud.gov,34163.45
219,Morlee,Storror,mstorror62@wp.com,29128.1
220,Dennie,Coultas,dcoultas63@shutterfly.com,50080.55
221,Robinett,Mercey,rmercey64@google.com,95165.24
222,Corly,Beckerleg,cbeckerleg65@ning.com,97748.06
223,Frederik,Canellas,fcanellas66@nih.gov,24589.85
224,Briny,Edghinn,bedghinn67@ox.ac.uk,94179.24
225,Nikola,Gayne,ngayne68@google.nl,61530.74
226,Saw,Bullivent,sbullivent69@ed.gov,64273.02
227,Doug,Infante,dinfante6a@nifty.com,20650.78
228,Son,Tomley,stomley6b@wordpress.org,38528.21
229,Lutero,Earland,learland6c@acquirethisname.com,87671.64
230,Iorgos,Widdows,iwiddows6d@alexa.com,94426.28
231,Alvira,Cosgrove,acosgrove6e@illinois.edu,85384.85
232,Bronnie,Gleder,bgleder6f@sciencedaily.com,73561.61
233,Marcy,Weddeburn - Scrimgeour,mweddeburnscrimgeour6g@earthlink.net,65270.55
234,Jerrilee,Parsonson,jparsonson6h@java.com,67305.06
235,Guss,Eisak,geisak6i@sfgate.com,37889.87
236,Bond,Harbertson,bharbertson6j@example.com,80059.36
237,Antons,Bedinham,abedinham6k@naver.com,59908.66
238,Felic,Pittaway,fpittaway6l@google.pl,94160.93
239,Bren,Meech,bmeech6m@shinystat.com,87039.62
240,Walt,Marsters,wmarsters6n@exblog.jp,85667.8
241,Kelsey,Barras,kbarras6o@dropbox.com,74713.07
242,Bethena,Insko,binsko6p@howstuffworks.com,28052.31
243,Elyse,Ronnay,eronnay6q@samsung.com,74082.55
244,Faina,Nolte,fnolte6r@ask.com,19042.77
245,Carlyle,David,cdavid6s@state.tx.us,70091.57
246,Francisco,Raddin,fraddin6t@columbia.edu,45321.37
247,Clemens,Mandel,cmandel6u@cafepress.com,21231.58
248,Laurens,Noah,lnoah6v@netscape.com,51313.32
249,Robin,Scorey,rscorey6w@umn.edu,57051.62
250,Eward,Wankel,ewankel6x@fema.gov,57308.12
251,Deloris,Mourant,dmourant6y@homestead.com,34380.18
252,Harman,Swyre,hswyre6z@noaa.gov,60527.15
253,Alden,Dresche,adresche70@squidoo.com,42471.63
254,Tallulah,Truggian,ttruggian71@craigslist.org,36472.02
255,Magdaia,Buten,mbuten72@telegraph.co.uk,43030.18
256,Roshelle,Trulock,rtrulock73@reverbnation.com,76479.34
257,Rodina,MacEnelly,rmacenelly74@state.tx.us,32123.4
258,Janos,MacKibbon,jmackibbon75@amazon.com,40107.82
259,Ema,Romanelli,eromanelli76@discuz.net,96282.45
260,Sly,Tollfree,stollfree77@yahoo.co.jp,44290.25
261,Eve,Ledger,eledger78@hugedomains.com,24949.07
262,Philippe,Newlove,pnewlove79@nytimes.com,75510.04
263,Aubry,McGeoch,amcgeoch7a@yahoo.co.jp,96696.49
264,Aurel,Ceschelli,aceschelli7b@soundcloud.com,32230.37
265,Basile,Scarlin,bscarlin7c@pagesperso-orange.fr,64214.0
266,Mord,Gautrey,mgautrey7d@parallels.com,68071.75
267,Marys,Tunno,mtunno7e@msu.edu,37923.76
268,Guilbert,Clampton,gclampton7f@foxnews.com,19118.6
269,Leone,Wastie,lwastie7g@examiner.com,95804.63
270,Brenda,Roggeman,broggeman7h@homestead.com,16205.72
271,Nils,Blare,nblare7i@posterous.com,26451.23
272,Shelley,Peak,speak7j@livejournal.com,19898.23
273,Harlene,Cossor,hcossor7k@pen.io,13131.91
274,Reinhard,Neads,rneads7l@eventbrite.com,80696.09
275,Chrissy,Oman,coman7m@zimbio.com,22524.19
276,Susie,Allott,sallott7n@shareasale.com,70075.7
277,Elliott,Sketh,esketh7o@bing.com,53171.35
278,Carrol,Peregrine,cperegrine7p@list-manage.com,90566.08
279,Halsey,Bouttell,hbouttell7q@example.com,42104.74
280,Shelley,Crabb,scrabb7r@ftc.gov,30193.55
281,Leonard,Sherlock,lsherlock7s@si.edu,61923.19
282,Whitney,Chatters,wchatters7t@livejournal.com,94586.71
283,Neel,Fritche,nfritche7u@google.ru,37455.22
284,Baldwin,Odcroft,bodcroft7v@census.gov,56604.06
285,Malorie,Romand,mromand7w@blogspot.com,63959.07
286,Humfried,Bilbie,hbilbie7x@ovh.net,13577.05
287,Theda,Leathart,tleathart7y@mediafire.com,29664.43
288,Wolfie,Worsnip,wworsnip7z@php.net,33456.53
289,Florance,Dobby,fdobby80@squarespace.com,72470.97
290,Berti,Hovenden,bhovenden81@npr.org,43228.75
291,Daphne,Livesey,dlivesey82@reference.com,94115.97
292,Rosemary,Gavin,rgavin83@tmall.com,72827.63
293,Kessiah,Arghent,karghent84@hud.gov,49732.88
294,Fielding,Tyhurst,ftyhurst85@stumbleupon.com,78639.84
295,Ned,Plenty,nplenty86@mozilla.com,41370.26
296,Nicole,Warn,nwarn87@sfgate.com,63213.2
297,Berkly,Flinders,bflinders88@mediafire.com,83228.64
298,Hunter,Keat,hkeat89@nydailynews.com,89113.67
299,Electra,Guido,eguido8a@marriott.com,16285.43
300,Tam,Yakunchikov,tyakunchikov8b@meetup.com,22934.9
301,Arlen,Orpyne,aorpyne8c@liveinternet.ru,61644.16
302,Stepha,Medeway,smedeway8d@wikimedia.org,12894.58
303,Janeczka,Hamelyn,jhamelyn8e@wsj.com,65282.49
304,Diane-marie,Dowda,ddowda8f@nbcnews.com,36706.8
305,Abel,Hirsch,ahirsch8g@amazon.co.jp,32619.74
306,Nadean,Minto,nminto8h@tmall.com,24425.24
307,Isis,Meace,imeace8i@webnode.com,55192.62
308,Pier,Morsom,pmorsom8j@twitter.com,71175.15
309,Decca,Gardiner,dgardiner8k@devhub.com,90801.57
310,Siouxie,Kidby,skidby8l@mapquest.com,20175.98
311,Dorolisa,Meth,dmeth8m@imdb.com,67447.98
312,Dodie,Hancell,dhancell8n@wix.com,37322.31
313,Guglielmo,Linay,glinay8o@devhub.com,10720.59
314,Erika,Reinhardt,ereinhardt8p@microsoft.com,74034.46
315,Galven,Albinson,galbinson8q@wufoo.com,82467.87
316,August,Mansford,amansford8r@geocities.jp,46375.42
317,Nathalia,McKevany,nmckevany8s@imageshack.us,59215.43
318,Emlyn,Shears,eshears8t@homestead.com,88203.23
319,Murdoch,Jatczak,mjatczak8u@epa.gov,21231.59
320,Vivi,Price,vprice8v@cbc.ca,97392.32
321,Elsworth,Druitt,edruitt8w@state.tx.us,84576.21
322,Hamnet,Lancley,hlancley8x@shop-pro.jp,26111.88
323,Prentice,Ansty,pansty8y@zdnet.com,26173.39
324,Kirsten,Coalbran,kcoalbran8z@google.com.br,51851.71
325,Dwayne,Knivett,dknivett90@boston.com,67512.55
326,Skylar,Dabourne,sdabourne91@theglobeandmail.com,85171.33
327,Lily,Kilshall,lkilshall92@samsung.com,53012.21
328,Cchaddie,Woollacott,cwoollacott93@washingtonpost.com,22348.98
329,Stavros,Arundell,sarundell94@netvibes.com,57823.8
330,Caryl,Fernyhough,cfernyhough95@domainmarket.com,30996.21
331,Gardiner,Traise,gtraise96@intel.com,89816.99
332,Keene,Beceril,kbeceril97@umn.edu,81333.96
333,Lydon,Vassbender,lvassbender98@goodreads.com,24023.09
334,Pammie,Siviter,psiviter99@jalbum.net,43383.18
335,Roosevelt,Thinn,rthinn9a@webmd.com,82844.21
336,Chev,Inett,cinett9b@mashable.com,90646.61
337,Jourdan,Pudding,jpudding9c@vistaprint.com,59327.23
338,Madelle,Farlham,mfarlham9d@pinterest.com,18009.47
339,Mollee,Jillins,mjillins9e@reverbnation.com,80492.81
340,Demetris,Queree,dqueree9f@hubpages.com,42010.43
341,Raynor,D'Agostino,rdagostino9g@cisco.com,22826.56
342,Lela,Marrow,lmarrow9h@spiegel.de,12518.65
343,Rora,Chritchley,rchritchley9i@yolasite.com,91170.52
344,Rosabel,Baraja,rbaraja9j@usnews.com,40381.34
345,Kare,McGhee,kmcghee9k@addtoany.com,26992.5
346,Emmit,Piechnik,epiechnik9l@wikimedia.org,63483.6
347,Bennie,Townsley,btownsley9m@devhub.com,89662.2
348,Florette,Chettle,fchettle9n@nba.com,64904.48
349,Audrie,Tinson,atinson9o@psu.edu,75564.45
350,Oby,Vargas,ovargas9p@bbb.org,62868.1
351,Reeta,Madle,rmadle9q@usa.gov,79977.07
352,Barby,Vicar,bvicar9r@yahoo.com,36264.32
353,Kingsly,Suttill,ksuttill9s@sourceforge.net,96647.95
354,Skipton,Speenden,sspeenden9t@stanford.edu,42599.42
355,Albrecht,Peyntue,apeyntue9u@google.nl,26942.98
356,Arin,Lewry,alewry9v@t-online.de,53676.72
357,Pooh,Fairnie,pfairnie9w@miitbeian.gov.cn,21774.49
358,Ike,Storie,istorie9x@mozilla.org,92955.77
359,Tierney,Abbati,tabbati9y@sun.com,95103.97
360,Kenna,Keat,kkeat9z@quantcast.com,68921.32
361,Branden,Allebone,ballebonea0@mit.edu,27531.18
362,Thekla,Chattey,tchatteya1@omniture.com,78770.7
363,Allard,Sybe,asybea2@cdbaby.com,49276.26
364,Tadio,Ashbolt,tashbolta3@netvibes.com,36774.05
365,Stanfield,Halso,shalsoa4@ucsd.edu,39736.28
366,Reidar,Surtees,rsurteesa5@amazon.co.jp,33449.7
367,Glynis,Dahlberg,gdahlberga6@princeton.edu,73942.46
368,Vivianna,Camplejohn,vcamplejohna7@com.com,92335.19
369,Alister,Kybert,akyberta8@theglobeandmail.com,48879.14
370,Paula,Mather,pmathera9@baidu.com,60438.04
371,Goldarina,Beeken,gbeekenaa@pbs.org,73295.93
372,Jakie,Beverley,jbeverleyab@furl.net,62403.27
373,Adelle,Bealing,abealingac@blinklist.com,92108.58
374,Arman,Izhakov,aizhakovad@google.co.uk,61025.4
375,Doretta,Ghiron,dghironae@e-recht24.de,69602.71
376,Ossie,Suggett,osuggettaf@wordpress.com,58403.8
377,Leo,Mainland,lmainlandag@slate.com,30097.09
378,Brit,Beernaert,bbeernaertah@google.ca,19036.19
379,Truman,Balasin,tbalasinai@hubpages.com,39549.3
380,Nanny,Bickley,nbickleyaj@google.it,40986.97
381,Etan,Ikringill,eikringillak@techcrunch.com,45722.61
382,Teddie,Reijmers,treijmersal@prnewswire.com,76740.48
383,Inger,Redsell,iredsellam@ft.com,39628.19
384,Trescha,Cullip,tcullipan@smh.com.au,83719.52
385,Tanny,Orwell,torwellao@photobucket.com,66086.06
386,Dallis,Edward,dedwardap@sphinn.com,78550.89
387,Jourdain,Sains,jsainsaq@surveymonkey.com,55803.42
388,Shanda,Lyndon,slyndonar@cdbaby.com,53911.19
389,Harwilll,Atack,hatackas@umich.edu,76529.4
390,Sarine,Pither,spitherat@ocn.ne.jp,86763.79
391,Benny,Souter,bsouterau@sohu.com,28115.2
392,Pietro,McKevany,pmckevanyav@oaic.gov.au,32084.17
393,Noemi,Pollok,npollokaw@telegraph.co.uk,62345.2
394,Rhodie,O' Borne,roborneax@prweb.com,25419.7
395,Cad,Scoggin,cscogginay@paginegialle.it,97859.22
396,Opalina,Majury,omajuryaz@bloomberg.com,73463.34
397,Verne,Vardy,vvardyb0@dion.ne.jp,98567.35
398,Babbie,Franek,bfranekb1@comcast.net,77527.03
399,Arly,Forcade,aforcadeb2@uiuc.edu,58328.24
400,Eberhard,Bohler,ebohlerb3@liveinternet.ru,66145.52
401,Amber,Marnes,amarnesb4@alibaba.com,79378.39
402,Chilton,Yter,cyterb5@nps.gov,43469.35
403,Gennie,Baudain,gbaudainb6@tiny.cc,32540.28
404,Paige,Poag,ppoagb7@mlb.com,76760.24
405,Kermie,Louche,kloucheb8@tinyurl.com,61516.38
406,Phineas,Petticrew,ppetticrewb9@wufoo.com,47203.79
407,Karlotte,Billsberry,kbillsberryba@sciencedaily.com,69883.03
408,Redd,Draper,rdraperbb@techcrunch.com,97440.95
409,Wendeline,Thunnercliff,wthunnercliffbc@skyrock.com,37549.63
410,Theodosia,Balfour,tbalfourbd@soundcloud.com,21266.79
411,Aron,Assaf,aassafbe@xing.com,62140.39
412,Barbie,Challace,bchallacebf@columbia.edu,78061.61
413,Meredith,Karim,mkarimbg@ovh.net,67274.22
414,Ella,Molines,emolinesbh@google.nl,94269.64
415,Dame,Staresmeare,dstaresmearebi@boston.com,74857.52
416,Barthel,Kinghorn,bkinghornbj@scientificamerican.com,77848.08
417,Rosalind,Kinforth,rkinforthbk@unesco.org,17752.99
418,Mela,Lowder,mlowderbl@webnode.com,15876.82
419,Anestassia,Sanzio,asanziobm@ox.ac.uk,80880.49
420,Cortney,Dennes,cdennesbn@google.it,31830.04
421,Gisela,Tookey,gtookeybo@live.com,36171.32
422,Kathleen,Rymell,krymellbp@acquirethisname.com,59339.93
423,Brew,Gerholz,bgerholzbq@rambler.ru,70638.64
424,Gelya,McKerrow,gmckerrowbr@mlb.com,82407.23
425,Gerta,Faivre,gfaivrebs@yahoo.com,85092.28
426,Lenard,McLarens,lmclarensbt@apache.org,30828.91
427,Merrielle,Sakins,msakinsbu@nature.com,52960.5
428,Bank,Cattermoul,bcattermoulbv@unc.edu,73848.23
429,Valentia,Sopp,vsoppbw@nytimes.com,38364.65
430,Ikey,Goodliff,igoodliffbx@yellowpages.com,86392.5
431,Danna,Lipson,dlipsonby@earthlink.net,37969.88
432,Minda,Please,mpleasebz@webeden.co.uk,96595.83
433,Carine,Carverhill,ccarverhillc0@imageshack.us,19378.54
434,Laure,Tichelaar,ltichelaarc1@bigcartel.com,86774.23
435,Geraldine,Durning,gdurningc2@a8.net,80739.23
436,Jacquelin,Gorvette,jgorvettec3@buzzfeed.com,36325.37
437,Gusta,Alderwick,galderwickc4@un.org,42523.14
438,Korie,Adams,kadamsc5@lycos.com,91865.18
439,Toma,Cawker,tcawkerc6@earthlink.net,28050.07
440,Garrard,Nyssen,gnyssenc7@cargocollective.com,51441.8
441,Perice,Sijmons,psijmonsc8@nymag.com,47811.65
442,Alberta,Brilleman,abrillemanc9@joomla.org,52002.76
443,Lavinie,Luck,lluckca@msu.edu,29458.84
444,Malachi,Worham,mworhamcb@ibm.com,67599.69
445,Cahra,Phillott,cphillottcc@cloudflare.com,42485.43
446,Pall,Maclean,pmacleancd@google.pl,71167.45
447,Morna,Batie,mbatiece@edublogs.org,52665.33
448,Tess,Bernt,tberntcf@google.co.uk,75162.29
449,Wadsworth,Markel,wmarkelcg@xrea.com,59755.37
450,Brooks,Mumm,bmummch@reddit.com,79010.37
451,Conan,Heersema,cheersemaci@51.la,31642.11
452,Denny,Hynson,dhynsoncj@soundcloud.com,59732.04
453,Ben,Cline,bclineck@vimeo.com,41328.11
454,Dell,Pinshon,dpinshoncl@pinterest.com,85408.96
455,Nadean,Bownde,nbowndecm@squarespace.com,39002.7
456,Kinna,Fosken,kfoskencn@slate.com,63879.53
457,Ram,Hadcroft,rhadcroftco@loc.gov,20588.37
458,Kerwinn,Barnardo,kbarnardocp@360.cn,59741.95
459,Flemming,Eastby,feastbycq@woothemes.com,39308.17
460,Brendan,End,bendcr@google.ru,23748.4
461,Prent,Hinrichs,phinrichscs@webs.com,74741.47
462,Dinny,Lambourne,dlambournect@taobao.com,65262.94
463,Anatollo,Kobpac,akobpaccu@angelfire.com,30456.29
464,Stanly,Bruyns,sbruynscv@prweb.com,53485.82
465,Cecil,Stealey,cstealeycw@about.me,88313.07
466,Cullen,Breckin,cbreckincx@tripod.com,12035.5
467,Verne,China,vchinacy@dot.gov,21930.4
468,Glynnis,Lappine,glappinecz@scribd.com,46023.72
469,Emilie,Silverthorne,esilverthorned0@xing.com,93212.04
470,Stafford,Klawi,sklawid1@com.com,24964.23
471,Gideon,Ericsson,gericssond2@ucoz.ru,45173.39
472,Dannel,Champkin,dchampkind3@typepad.com,26879.93
473,Elvera,Barrim,ebarrimd4@squarespace.com,12118.92
474,Taryn,Guile,tguiled5@surveymonkey.com,19745.84
475,Vallie,Tyhurst,vtyhurstd6@tamu.edu,89896.88
476,Lavinia,Bellinger,lbellingerd7@discuz.net,94711.29
477,Binny,Nuscha,bnuschad8@businessinsider.com,68920.9
478,Nil,Swiffin,nswiffind9@51.la,56379.66
479,Farlee,Corbridge,fcorbridgeda@wordpress.com,29190.46
480,Jemimah,Girardot,jgirardotdb@senate.gov,66342.67
481,Sileas,Beaford,sbeaforddc@alibaba.com,59660.68
482,Drucie,Fleming,dflemingdd@wikia.com,67811.5
483,Carolyne,Fintoph,cfintophde@eepurl.com,27433.95
484,Ginnie,Morey,gmoreydf@com.com,30927.72
485,Kirk,Barensky,kbarenskydg@livejournal.com,11295.83
486,Owen,Morrice,omorricedh@flavors.me,19825.91
487,Stu,Porch,sporchdi@youku.com,87304.35
488,Avrom,Trazzi,atrazzidj@usgs.gov,79130.86
489,Serge,Masserel,smassereldk@kickstarter.com,94863.82
490,Claudio,Kingstne,ckingstnedl@xing.com,26876.66
491,Sigfrid,Delacote,sdelacotedm@nba.com,67345.77
492,Livvie,Beckworth,lbeckworthdn@census.gov,62299.97
493,Wolfy,Wheeldon,wwheeldondo@yolasite.com,73751.7
494,Cointon,Doran,cdorandp@admin.ch,63123.17
495,Wallie,Adamo,wadamodq@msn.com,56340.12
496,Ody,Boc,obocdr@technorati.com,23987.88
497,Sidnee,Fewtrell,sfewtrellds@clickbank.net,64125.66
498,Clement,Platfoot,cplatfootdt@mlb.com,61366.64
499,Janek,Duckitt,jduckittdu@guardian.co.uk,39030.03
500,Joanie,Symons,jsymonsdv@ted.com,90238.24
501,Stephanus,Leroy,sleroydw@unesco.org,52642.06
502,Vinny,Wylder,vwylderdx@paypal.com,60168.24
503,Jilleen,Leal,jlealdy@wunderground.com,93530.7
504,Rubetta,Gounet,rgounetdz@amazonaws.com,60067.52
505,Carly,Stallibrass,cstallibrasse0@mac.com,26975.5
506,Rubie,Cawt,rcawte1@sbwire.com,55042.0
507,Garwin,Teal,gteale2@howstuffworks.com,62289.13
508,Padget,Jarred,pjarrede3@latimes.com,17879.91
509,Theodosia,Whapples,twhapplese4@mtv.com,28224.37
510,Dehlia,Mowday,dmowdaye5@moonfruit.com,22017.32
511,Jobye,Episcopi,jepiscopie6@netlog.com,92814.15
512,Nisse,Symmers,nsymmerse7@marketwatch.com,14641.89
513,Ulrick,Ivy,uivye8@goodreads.com,15029.81
514,Nickolaus,McCafferky,nmccafferkye9@sitemeter.com,42597.97
515,Harbert,Hardage,hhardageea@sphinn.com,43445.01
516,Augustin,Jervoise,ajervoiseeb@wisc.edu,43548.81
517,Dario,Humblestone,dhumblestoneec@wikipedia.org,46077.08
518,Aidan,Broadwood,abroadwooded@tumblr.com,24307.36
519,Lowell,Guinan,lguinanee@webmd.com,43358.92
520,Guenna,Rodenborch,grodenborchef@netvibes.com,28537.23
521,Hedwiga,Bland,hblandeg@independent.co.uk,77767.32
522,Rudie,Hukins,rhukinseh@multiply.com,53408.25
523,Hakeem,Kordt,hkordtei@wunderground.com,95536.53
524,Hillyer,Scurrah,hscurrahej@vistaprint.com,44893.5
525,Rochella,Armiger,rarmigerek@sciencedaily.com,66503.75
526,Karyn,Novelli,knovelliel@diigo.com,37588.31
527,Rudyard,Widmoor,rwidmoorem@dell.com,50587.39
528,Griff,Dart,gdarten@drupal.org,68671.26
529,Kassandra,Tummons,ktummonseo@sciencedirect.com,29886.83
530,Jacquenetta,Exon,jexonep@de.vu,18688.8
531,Elka,McDonell,emcdonelleq@myspace.com,28138.55
532,Giles,Ledgeway,gledgewayer@columbia.edu,63733.95
533,Nehemiah,Gallant,ngallantes@apple.com,62722.01
534,Richy,Emmitt,remmittet@java.com,93584.98
535,Prisca,Waggitt,pwaggitteu@sciencedaily.com,52321.91
536,Haroun,Onn,honnev@amazonaws.com,14916.22
537,Ellene,Le Estut,eleestutew@blog.com,25553.63
538,Mikey,Freake,mfreakeex@scribd.com,28658.22
539,Staci,Orpyne,sorpyneey@acquirethisname.com,17641.77
540,Saba,Mullord,smullordez@pbs.org,16196.87
541,Samara,Kusick,skusickf0@stumbleupon.com,39451.32
542,Francois,Cymper,fcymperf1@surveymonkey.com,27847.63
543,Mari,Tremlett,mtremlettf2@myspace.com,21795.85
544,Sonnie,Faltskog,sfaltskogf3@nationalgeographic.com,28119.61
545,Shell,Antecki,santeckif4@php.net,23055.28
546,Bobbee,McPake,bmcpakef5@ted.com,25869.05
547,Dollie,Lidster,dlidsterf6@japanpost.jp,33754.91
548,Dona,Spykins,dspykinsf7@usnews.com,13836.73
549,Dredi,Pimmocke,dpimmockef8@canalblog.com,79629.39
550,Keefe,Hamper,khamperf9@mapy.cz,83736.57
551,Cale,Begley,cbegleyfa@people.com.cn,16616.47
552,Kristal,Buffham,kbuffhamfb@google.es,71779.48
553,Quent,Coolahan,qcoolahanfc@illinois.edu,62588.05
554,Ileana,Trusdale,itrusdalefd@xinhuanet.com,18304.33
555,Odele,Habbin,ohabbinfe@cdc.gov,98064.38
556,Rozanna,Utterson,ruttersonff@plala.or.jp,72358.81
557,Zacharia,Pilbury,zpilburyfg@ucoz.com,11594.14
558,Morley,Eyden,meydenfh@harvard.edu,93676.51
559,Neddie,Staton,nstatonfi@imgur.com,93132.41
560,Morena,Gilleon,mgilleonfj@cnn.com,24457.82
561,Zilvia,Gresham,zgreshamfk@slate.com,28050.08
562,Missie,Bungey,mbungeyfl@dropbox.com,62891.82
563,Kassie,Claricoates,kclaricoatesfm@slate.com,88256.48
564,Charmane,Bichener,cbichenerfn@seesaa.net,21047.56
565,Austin,Colchett,acolchettfo@mozilla.com,64874.41
566,Jennifer,Ellgood,jellgoodfp@oracle.com,59076.18
567,Roddie,Feragh,rferaghfq@jigsy.com,28006.72
568,Hyacinth,Gulley,hgulleyfr@apache.org,74871.87
569,Carolus,Matchett,cmatchettfs@domainmarket.com,81363.02
570,Meg,Ceney,mceneyft@huffingtonpost.com,27692.3
571,Gregoire,Maden,gmadenfu@usnews.com,29922.59
572,Delila,Ager,dagerfv@hatena.ne.jp,51234.87
573,Mariya,Beefon,mbeefonfw@usa.gov,18174.23
574,Oralle,Dencs,odencsfx@tripadvisor.com,81147.06
575,Benedikt,Durrett,bdurrettfy@purevolume.com,79436.72
576,Dorena,Rebert,drebertfz@topsy.com,26228.32
577,Iggie,Pardey,ipardeyg0@aol.com,17057.26
578,Neil,Spat,nspatg1@fastcompany.com,47388.12
579,Nelle,Shotboult,nshotboultg2@ustream.tv,50565.92
580,Cointon,Cullon,ccullong3@auda.org.au,89571.42
581,Aldon,Andrysiak,aandrysiakg4@answers.com,58132.14
582,Freda,Pothbury,fpothburyg5@techcrunch.com,69679.31
583,Lilla,Tethcote,ltethcoteg6@nbcnews.com,54418.88
584,Norma,Purkiss,npurkissg7@noaa.gov,80342.32
585,Shelbi,Bennington,sbenningtong8@hao123.com,89038.53
586,Norene,Shotboult,nshotboultg9@intel.com,78709.38
587,Barri,Firby,bfirbyga@arstechnica.com,70213.88
588,Brannon,Geale,bgealegb@biblegateway.com,67130.88
589,Delilah,McGurn,dmcgurngc@clickbank.net,38358.76
590,Davy,Loggie,dloggiegd@fc2.com,41653.73
591,Jay,Spenton,jspentonge@infoseek.co.jp,38446.01
592,Arvin,Trow,atrowgf@bbc.co.uk,14961.52
593,Michaelina,Pilipets,mpilipetsgg@huffingtonpost.com,47648.5
594,Carver,Cowley,ccowleygh@unesco.org,40310.63
595,Sybille,Verlander,sverlandergi@facebook.com,86897.8
596,Gardie,Amey,gameygj@sciencedirect.com,33697.55
597,Fabio,Banaszczyk,fbanaszczykgk@parallels.com,10046.14
598,Osbert,Ditch,oditchgl@cnet.com,62416.17
599,Yance,Nunns,ynunnsgm@technorati.com,61345.84
600,Shandra,Smallthwaite,ssmallthwaitegn@adobe.com,22713.8
601,Loise,Sabban,lsabbango@un.org,57343.63
602,Karisa,Lenahan,klenahangp@addthis.com,27382.87
603,Gregoire,Royle,groylegq@uiuc.edu,85264.41
604,Bert,Tolworthie,btolworthiegr@networksolutions.com,64657.16
605,Ashbey,Izen,aizengs@hp.com,25045.65
606,Jacquenetta,Gell,jgellgt@businessinsider.com,16598.5
607,Phip,Minchi,pminchigu@tiny.cc,15297.66
608,Monica,Brookwell,mbrookwellgv@bloomberg.com,93966.95
609,Jemie,Rosenzwig,jrosenzwiggw@va.gov,72359.4
610,Berke,Chesman,bchesmangx@twitter.com,89031.65
611,Burr,Barts,bbartsgy@si.edu,28371.67
612,Gene,Critzen,gcritzengz@blogtalkradio.com,76235.36
613,Garek,Magor,gmagorh0@auda.org.au,52671.51
614,Bernardine,Paffett,bpaffetth1@intel.com,88996.04
615,Giraldo,Brickell,gbrickellh2@yandex.ru,97728.93
616,Christian,Drabble,cdrabbleh3@t-online.de,94517.44
617,Verine,Jullian,vjullianh4@craigslist.org,17762.37
618,Stanislaus,Escofier,sescofierh5@vimeo.com,79117.63
619,Raul,Piller,rpillerh6@mashable.com,42701.85
620,Fraze,Kirwood,fkirwoodh7@baidu.com,41692.33
621,Calley,Yantsurev,cyantsurevh8@homestead.com,44456.19
622,Nan,de Villier,ndevillierh9@webeden.co.uk,92396.27
623,Maurita,Simoni,msimoniha@oakley.com,14735.03
624,Dominique,Goucher,dgoucherhb@samsung.com,99838.71
625,Jenna,Glandon,jglandonhc@mail.ru,41040.19
626,Roxine,Bradnick,rbradnickhd@unblog.fr,64120.76
627,Minnie,Cockrell,mcockrellhe@reddit.com,96296.94
628,Tatum,Iacobassi,tiacobassihf@vimeo.com,97007.51
629,Asa,Stoneham,astonehamhg@economist.com,32978.13
630,Jenica,Atter,jatterhh@goodreads.com,80643.44
631,Belicia,Harp,bharphi@state.tx.us,23499.15
632,Vere,Rylands,vrylandshj@zdnet.com,75781.08
633,Lizabeth,Gianolo,lgianolohk@elpais.com,70505.27
634,Milzie,Farahar,mfaraharhl@blogs.com,28204.94
635,Hall,Coggen,hcoggenhm@etsy.com,78456.59
636,Matthiew,Pattie,mpattiehn@theguardian.com,26230.37
637,Dulsea,Reilly,dreillyho@slate.com,34151.79
638,Zolly,Innwood,zinnwoodhp@illinois.edu,66903.7
639,Evita,Macartney,emacartneyhq@etsy.com,58183.34
640,Bev,Jellicorse,bjellicorsehr@wunderground.com,61540.38
641,Linnea,Ruben,lrubenhs@ebay.co.uk,92696.94
642,Denise,Pouton,dpoutonht@chicagotribune.com,66342.04
643,Kippar,Martinolli,kmartinollihu@chicagotribune.com,37659.3
644,Heath,Kulic,hkulichv@angelfire.com,39294.68
645,Cissiee,Bruhnicke,cbruhnickehw@51.la,48033.9
646,Richmound,Feetham,rfeethamhx@hibu.com,97493.09
647,Tammy,Lorriman,tlorrimanhy@odnoklassniki.ru,77435.12
648,Dena,Eytel,deytelhz@census.gov,64318.74
649,Dar,Chinery,dchineryi0@barnesandnoble.com,24502.21
650,Delora,Wearn,dwearni1@bbc.co.uk,88275.79
651,Gelya,Janowicz,gjanowiczi2@diigo.com,88112.75
652,Tobe,Staynes,tstaynesi3@networksolutions.com,86629.51
653,Harman,Boncoeur,hboncoeuri4@shareasale.com,58061.62
654,Jean,Simko,jsimkoi5@g.co,45957.45
655,Magnum,Andrassy,mandrassyi6@skyrock.com,45295.02
656,Miran,Bernardelli,mbernardellii7@twitpic.com,93870.7
657,Marvin,Schreurs,mschreursi8@mapquest.com,39936.3
658,Chick,Maunton,cmauntoni9@opera.com,60380.57
659,Miguel,Pedrollo,mpedrolloia@netlog.com,74316.03
660,Velvet,Kenefick,vkenefickib@wiley.com,60705.8
661,Denyse,Caush,dcaushic@over-blog.com,16604.87
662,Dawn,Lacroix,dlacroixid@phoca.cz,49695.27
663,Mellisent,Ianinotti,mianinottiie@youtube.com,68505.79
664,Fons,Casale,fcasaleif@dedecms.com,86546.93
665,Aggy,Kepe,akepeig@yelp.com,98700.06
666,Tasha,Brookwell,tbrookwellih@state.tx.us,66512.57
667,Christean,Laundon,claundonii@imgur.com,13828.38
668,Hettie,Girton,hgirtonij@about.me,89761.22
669,Gino,Woller,gwollerik@dedecms.com,49871.39
670,Bordy,Surguine,bsurguineil@amazonaws.com,26088.43
671,Deva,Kisar,dkisarim@bandcamp.com,92386.97
672,Ezechiel,Rillatt,erillattin@yale.edu,89054.17
673,Raf,Gullberg,rgullbergio@purevolume.com,36826.14
674,Ema,Heaton,eheatonip@hatena.ne.jp,61822.4
675,Scarlet,Wakenshaw,swakenshawiq@mac.com,78846.2
676,Beth,Gulleford,bgullefordir@gmpg.org,37686.02
677,Bernita,Rubinov,brubinovis@dropbox.com,36106.03
678,Berk,Zettler,bzettlerit@hostgator.com,29740.46
679,Orion,Isoldi,oisoldiiu@drupal.org,81632.49
680,Enriqueta,Sydry,esydryiv@theguardian.com,47842.22
681,Rafaellle,Pretorius,rpretoriusiw@yahoo.co.jp,78779.62
682,Gwendolin,Dami,gdamiix@unesco.org,95872.71
683,Clarine,Bachs,cbachsiy@springer.com,82701.9
684,Bradney,Unsworth,bunsworthiz@ask.com,85632.85
685,Missy,Brookesbie,mbrookesbiej0@comcast.net,70850.74
686,Candis,Mattholie,cmattholiej1@reuters.com,93860.71
687,Erny,Whapples,ewhapplesj2@qq.com,73181.57
688,Osborne,Robberecht,orobberechtj3@printfriendly.com,47602.36
689,Harwilll,Tutill,htutillj4@hhs.gov,85044.83
690,Annissa,Kyteley,akyteleyj5@techcrunch.com,68651.36
691,Reginald,Kluger,rklugerj6@unc.edu,90282.43
692,Gus,Pesek,gpesekj7@reddit.com,13219.24
693,Ferdinande,Prattington,fprattingtonj8@51.la,31998.31
694,Garrick,Cumberledge,gcumberledgej9@wikimedia.org,32998.86
695,Silvie,Heak,sheakja@earthlink.net,91899.07
696,Aaren,Putson,aputsonjb@discovery.com,46536.69
697,Otha,Swaffield,oswaffieldjc@sbwire.com,12244.33
698,Wenonah,France,wfrancejd@flickr.com,74939.45
699,Shelba,Bissatt,sbissattje@sbwire.com,51313.22
700,Sylvester,Nolli,snollijf@networkadvertising.org,99716.88
701,Farica,Eastbury,feastburyjg@webnode.com,45287.51
702,Waylen,Streatley,wstreatleyjh@webmd.com,11188.79
703,Terrye,Loft,tloftji@typepad.com,90727.05
704,Kaleena,Feacham,kfeachamjj@virginia.edu,22921.76
705,Giralda,Bolderson,gboldersonjk@fda.gov,17890.53
706,Vincenty,Lillico,vlillicojl@mlb.com,70007.23
707,Maurine,Dyke,mdykejm@taobao.com,41126.89
708,Elissa,Sives,esivesjn@icio.us,52128.06
709,Jameson,Mapledorum,jmapledorumjo@apache.org,60313.63
710,Nikki,Adolfsen,nadolfsenjp@xinhuanet.com,49729.59
711,Kaye,Duffer,kdufferjq@nih.gov,27446.84
712,Olenolin,Andrzejowski,oandrzejowskijr@xrea.com,93357.88
713,Rosetta,Fernan,rfernanjs@hhs.gov,44378.41
714,Tannie,O'Dougherty,todoughertyjt@networkadvertising.org,73685.28
715,Antonietta,Pardon,apardonju@stanford.edu,76596.03
716,Gaby,Lathbury,glathburyjv@about.com,77304.01
717,Mercedes,Stears,mstearsjw@diigo.com,38326.58
718,Tarah,Otton,tottonjx@ucla.edu,23949.51
719,Elysha,Galletly,egalletlyjy@forbes.com,65862.93
720,Ayn,Jeary,ajearyjz@goodreads.com,21278.59
721,Mareah,Joisce,mjoiscek0@cam.ac.uk,98558.85
722,Odell,McIlwain,omcilwaink1@ameblo.jp,74613.08
723,Kasper,Berryman,kberrymank2@xinhuanet.com,38415.52
724,Philippe,Wynett,pwynettk3@prlog.org,12320.3
725,Christian,Sjostrom,csjostromk4@tiny.cc,68662.35
726,Silvie,Cosson,scossonk5@bing.com,31763.75
727,Claudine,Tainton,ctaintonk6@so-net.ne.jp,93282.71
728,Darcy,Walsom,dwalsomk7@umich.edu,90227.95
729,Bruno,Frizell,bfrizellk8@google.co.uk,60054.54
730,Enid,Strippling,estripplingk9@msn.com,78398.98
731,Eric,Bromilow,ebromilowka@webmd.com,24352.3
732,Pieter,Bowry,pbowrykb@github.com,11260.2
733,Ralph,Franzini,rfranzinikc@salon.com,32880.21
734,Hiram,Hurne,hhurnekd@sogou.com,57660.75
735,Imelda,Sawart,isawartke@hud.gov,36532.93
736,Sada,Krebs,skrebskf@merriam-webster.com,95751.44
737,Valenka,Marmion,vmarmionkg@reddit.com,32967.53
738,Reggie,MacTrustam,rmactrustamkh@dyndns.org,33880.81
739,Katrinka,Duplock,kduplockki@vkontakte.ru,41633.97
740,Jess,Pointon,jpointonkj@wp.com,26801.2
741,Bella,Noteyoung,bnoteyoungkk@canalblog.com,28667.22
742,Marijo,Britney,mbritneykl@wikimedia.org,35240.74
743,Nester,Piotr,npiotrkm@blogspot.com,35576.33
744,Teriann,Day,tdaykn@about.com,12865.65
745,Bird,Stubbeley,bstubbeleyko@yale.edu,90390.04
746,Kipp,McCorley,kmccorleykp@reuters.com,47031.71
747,Doro,Barcroft,dbarcroftkq@acquirethisname.com,83740.93
748,Egan,Ledamun,eledamunkr@slate.com,55048.84
749,Farleigh,Goodinge,fgoodingeks@thetimes.co.uk,56551.65
750,Miller,Gresswell,mgresswellkt@360.cn,17885.34
751,Eba,Laban,elabanku@tmall.com,53247.99
752,Carolyne,Kohlert,ckohlertkv@squarespace.com,36535.88
753,Laurence,Twaite,ltwaitekw@weather.com,88969.31
754,Riane,Vassel,rvasselkx@chronoengine.com,32900.88
755,Thaxter,Ferre,tferreky@youku.com,38749.97
756,Erina,Stirland,estirlandkz@hubpages.com,16680.22
757,Bernardo,O'Hingerty,bohingertyl0@edublogs.org,92479.9
758,Mirabelle,Sifflett,msifflettl1@xing.com,60618.5
759,Jamima,Rabjohn,jrabjohnl2@shareasale.com,89101.51
760,Joeann,Yakov,jyakovl3@marriott.com,73647.18
761,Berna,Gilloran,bgilloranl4@cornell.edu,47404.03
762,Hort,Thynne,hthynnel5@acquirethisname.com,60703.73
763,Hoyt,Silby,hsilbyl6@imgur.com,20563.57
764,Blake,Heaven,bheavenl7@examiner.com,73728.98
765,Terrance,Elsdon,telsdonl8@wp.com,50855.33
766,Tannie,Statersfield,tstatersfieldl9@reference.com,18108.84
767,Aurelia,Rubra,arubrala@imageshack.us,32386.22
768,Goraud,Batchelour,gbatchelourlb@ycombinator.com,87202.82
769,Willette,Beathem,wbeathemlc@purevolume.com,68624.89
770,Mickey,Gladbeck,mgladbeckld@paypal.com,58551.84
771,Salim,Gergolet,sgergoletle@is.gd,15815.43
772,Corella,Mash,cmashlf@de.vu,73588.97
773,Raoul,Worner,rwornerlg@nps.gov,31779.23
774,Johny,Brennenstuhl,jbrennenstuhllh@arizona.edu,27580.06
775,Illa,Ruhben,iruhbenli@usnews.com,86812.89
776,Mag,Goodread,mgoodreadlj@sciencedirect.com,35423.05
777,Tedra,Pibworth,tpibworthlk@netscape.com,76329.16
778,Gearard,Bondesen,gbondesenll@elegantthemes.com,85828.95
779,Brandy,Crutch,bcrutchlm@ucoz.ru,96351.27
780,Helena,Orae,horaeln@live.com,74686.95
781,Berke,Quibell,bquibelllo@wiley.com,69980.79
782,George,Blaxill,gblaxilllp@miitbeian.gov.cn,80422.12
783,Bern,Warke,bwarkelq@eepurl.com,94782.13
784,Vite,Benedikt,vbenediktlr@marriott.com,16319.12
785,Adolphus,Boldt,aboldtls@ox.ac.uk,40728.16
786,Danni,Colebourn,dcolebournlt@webeden.co.uk,35927.48
787,Kit,Kenan,kkenanlu@arizona.edu,48207.25
788,Merilee,Charters,mcharterslv@google.com.hk,55282.22
789,Rollie,Klammt,rklammtlw@aol.com,97513.86
790,Vicky,Nanni,vnannilx@yellowbook.com,97994.95
791,Allister,Sessions,asessionsly@fema.gov,81240.21
792,Israel,Betteney,ibetteneylz@wisc.edu,93287.06
793,Alyosha,Gammel,agammelm0@gizmodo.com,43094.35
794,Kelley,Shortan,kshortanm1@hibu.com,22281.98
795,Brewster,Ollerearnshaw,bollerearnshawm2@accuweather.com,34875.45
796,Zsa zsa,Robak,zrobakm3@miitbeian.gov.cn,12095.31
797,Ive,Cato,icatom4@salon.com,61241.33
798,Lesly,Strudwick,lstrudwickm5@ucoz.ru,84476.17
799,Livvy,Renney,lrenneym6@list-manage.com,14985.25
800,Leonard,Sherbrooke,lsherbrookem7@delicious.com,69291.7
801,Renado,Bushnell,rbushnellm8@theatlantic.com,20122.17
802,Andreana,Glisane,aglisanem9@blogspot.com,70576.67
803,Ellerey,Udell,eudellma@eventbrite.com,32837.22
804,Haily,Gregine,hgreginemb@techcrunch.com,32054.96
805,Audie,Woodstock,awoodstockmc@virginia.edu,45464.74
806,Betta,Chorley,bchorleymd@intel.com,48247.28
807,Augustina,Sheather,asheatherme@scientificamerican.com,11845.42
808,Mabel,Ceschelli,mceschellimf@weebly.com,88078.55
809,Bev,Farreil,bfarreilmg@mail.ru,52238.4
810,Jocko,Scrivner,jscrivnermh@tripadvisor.com,95770.99
811,Aldridge,Huskisson,ahuskissonmi@senate.gov,43566.07
812,Claudette,Cantillion,ccantillionmj@theatlantic.com,14462.38
813,Aryn,Domoni,adomonimk@list-manage.com,48914.85
814,Tine,Gyorffy,tgyorffyml@example.com,43481.27
815,Livvyy,Draycott,ldraycottmm@bravesites.com,30840.38
816,Adelbert,Parslow,aparslowmn@archive.org,44979.9
817,Lanie,Waistell,lwaistellmo@youtube.com,31121.25
818,Sybila,Bramich,sbramichmp@booking.com,30540.19
819,Neron,Caulkett,ncaulkettmq@xrea.com,12094.89
820,Bil,Fitchew,bfitchewmr@sakura.ne.jp,78752.79
821,Thomasina,Oles,tolesms@google.de,71598.07
822,Natividad,Bennion,nbennionmt@usa.gov,65987.96
823,Raquel,McCay,rmccaymu@webeden.co.uk,66215.16
824,Major,Heliot,mheliotmv@homestead.com,96194.15
825,Ferguson,Lambersen,flambersenmw@nature.com,98391.66
826,Nicky,Thoday,nthodaymx@hud.gov,31375.03
827,Perice,Wimpress,pwimpressmy@a8.net,70213.68
828,Karlie,Kinsella,kkinsellamz@cbslocal.com,75075.81
829,Olwen,Gallahue,ogallahuen0@phpbb.com,55157.55
830,Rae,Morrison,rmorrisonn1@netscape.com,97515.54
831,Hinda,Stryde,hstryden2@slashdot.org,44009.88
832,Rosamund,Herety,rheretyn3@amazon.co.uk,53875.9
833,Irving,Stickells,istickellsn4@list-manage.com,27240.56
834,Delinda,Conor,dconorn5@vimeo.com,73617.35
835,Trix,Limer,tlimern6@guardian.co.uk,18507.62
836,Linnie,Britten,lbrittenn7@ovh.net,41283.45
837,Arman,Bunyan,abunyann8@tiny.cc,78751.51
838,Beatrice,Fuke,bfuken9@discovery.com,10179.79
839,Boycie,Casajuana,bcasajuanana@jugem.jp,42913.51
840,Marguerite,Wyrall,mwyrallnb@blogspot.com,75069.85
841,Johnette,Dahlberg,jdahlbergnc@ocn.ne.jp,63353.79
842,Hughie,Pridgeon,hpridgeonnd@cornell.edu,96205.72
843,Dall,Vickars,dvickarsne@comcast.net,44224.63
844,Oralia,Selesnick,oselesnicknf@free.fr,76287.9
845,Pincas,Daw,pdawng@ihg.com,16996.12
846,Pippy,Handke,phandkenh@msn.com,20402.22
847,Sancho,Blurton,sblurtonni@businessweek.com,68904.13
848,Davine,Brotherick,dbrothericknj@hexun.com,40381.85
849,Jaymee,Corssen,jcorssennk@blogger.com,18753.43
850,Wilton,Robun,wrobunnl@ebay.co.uk,97818.52
851,Alma,Armer,aarmernm@senate.gov,22607.87
852,Fredrick,Wynn,fwynnnn@cpanel.net,37122.06
853,Jaquith,Salzberg,jsalzbergno@sphinn.com,38850.35
854,Filippa,Polson,fpolsonnp@icq.com,70657.99
855,Dedie,Chartre,dchartrenq@webmd.com,19869.23
856,Leoline,Cantillion,lcantillionnr@last.fm,84164.45
857,Dalis,Sisley,dsisleyns@examiner.com,60877.64
858,Elyssa,Trematick,etrematicknt@dmoz.org,79651.64
859,Stacee,Burnard,sburnardnu@gizmodo.com,18939.55
860,Levy,Kaming,lkamingnv@umn.edu,32678.51
861,Datha,Tiltman,dtiltmannw@independent.co.uk,44528.26
862,Killy,Findon,kfindonnx@g.co,24632.11
863,Channa,Pontain,cpontainny@domainmarket.com,75031.43
864,Shell,Ethridge,sethridgenz@privacy.gov.au,60190.89
865,Eal,Pettingall,epettingallo0@statcounter.com,15295.75
866,Kristi,Pimlock,kpimlocko1@diigo.com,54268.01
867,Diahann,Doumic,ddoumico2@nature.com,23693.62
868,Derril,Phant,dphanto3@ow.ly,61558.3
869,Hiram,Clempton,hclemptono4@arizona.edu,93121.41
870,Maryl,Ruddiforth,mruddifortho5@sohu.com,40320.19
871,Cesaro,Neville,cnevilleo6@live.com,94283.7
872,Josey,Rawdall,jrawdallo7@shop-pro.jp,49944.35
873,Kermie,Loseke,klosekeo8@google.co.jp,77471.31
874,Matias,Steinham,msteinhamo9@g.co,72785.35
875,Giacopo,Rochelle,grochelleoa@networksolutions.com,43097.54
876,Clifford,Howsley,chowsleyob@biglobe.ne.jp,89964.44
877,Arlen,Bomfield,abomfieldoc@t.co,17224.73
878,Minor,Duke,mdukeod@xing.com,92613.5
879,Edi,Jeavon,ejeavonoe@vkontakte.ru,76858.63
880,Bevon,Killimister,bkillimisterof@dot.gov,62809.13
881,Misty,Macourek,mmacourekog@yellowpages.com,55679.04
882,Corty,D'Aguanno,cdaguannooh@cdbaby.com,81285.58
883,Rozalin,Kleeborn,rkleebornoi@blogger.com,53713.0
884,Celinda,Schimpke,cschimpkeoj@ow.ly,90137.5
885,Domingo,Mallender,dmallenderok@creativecommons.org,81426.06
886,Ruthe,Epine,repineol@huffingtonpost.com,45563.72
887,Sheba,Twitching,stwitchingom@altervista.org,67286.73
888,Hayley,Gress,hgresson@jugem.jp,63567.71
889,Helena,Cordrey,hcordreyoo@linkedin.com,79852.53
890,Aloise,Rugge,aruggeop@ow.ly,40676.25
891,Helenelizabeth,Izkovici,hizkovicioq@ihg.com,45907.27
892,Vonni,Impey,vimpeyor@statcounter.com,93623.49
893,Myer,Marcq,mmarcqos@surveymonkey.com,40285.98
894,Janenna,O'Hingerty,johingertyot@w3.org,36701.07
895,Gwenni,Glendza,gglendzaou@forbes.com,34570.91
896,Daryle,Goodhay,dgoodhayov@bbb.org,71471.14
897,Brittaney,Borrell,bborrellow@timesonline.co.uk,41381.86
898,Sherye,Licciardiello,slicciardielloox@fc2.com,95481.36
899,Maynard,Spridgen,mspridgenoy@qq.com,96056.73
900,Sterne,Malloy,smalloyoz@netlog.com,85008.75
901,Blake,Braizier,bbraizierp0@wikimedia.org,48864.68
902,Keen,Nockles,knocklesp1@purevolume.com,79004.29
903,Frederich,Ricold,fricoldp2@independent.co.uk,28577.96
904,Denys,Rottenbury,drottenburyp3@t.co,99068.22
905,Kikelia,Huffy,khuffyp4@squidoo.com,92866.8
906,Kellina,Ashbrook,kashbrookp5@printfriendly.com,60661.19
907,Kellina,Cressar,kcressarp6@jalbum.net,56238.86
908,Chrysler,Larret,clarretp7@t-online.de,46834.03
909,Lanie,Royson,lroysonp8@surveymonkey.com,96321.49
910,Elton,Garrit,egarritp9@china.com.cn,89584.72
911,Spense,Fierro,sfierropa@csmonitor.com,37353.04
912,Sydelle,Matantsev,smatantsevpb@rambler.ru,72201.18
913,Margo,Hawkyens,mhawkyenspc@sina.com.cn,58648.88
914,Lorna,Prater,lpraterpd@cbslocal.com,64090.56
915,Had,Westrip,hwestrippe@zdnet.com,20259.1
916,Tessy,Walklett,twalklettpf@amazonaws.com,69529.07
917,Mirilla,Baumford,mbaumfordpg@engadget.com,49023.68
918,Marigold,MacNeillie,mmacneillieph@goo.ne.jp,20575.9
919,Tania,Mattiato,tmattiatopi@posterous.com,92993.26
920,Aldwin,Ovell,aovellpj@live.com,31979.56
921,Even,Worsham,eworshampk@hostgator.com,80925.53
922,Jameson,Vasechkin,jvasechkinpl@noaa.gov,61734.48
923,Inessa,Bour,ibourpm@vinaora.com,41871.15
924,Nerita,Fontelles,nfontellespn@nydailynews.com,27762.17
925,Whitney,Gwilliam,wgwilliampo@utexas.edu,83037.38
926,Ade,Garrish,agarrishpp@pen.io,64761.18
927,Sayre,Durnin,sdurninpq@taobao.com,16436.48
928,Lannie,Nealand,lnealandpr@reuters.com,32566.06
929,Lammond,Matuszak,lmatuszakps@mysql.com,73073.83
930,Nahum,Medford,nmedfordpt@google.com.hk,18415.36
931,Fletcher,Kesterton,fkestertonpu@fda.gov,98023.38
932,Arlina,Gonnin,agonninpv@cbsnews.com,88697.68
933,Leroi,Gerring,lgerringpw@jimdo.com,77820.11
934,Salomo,Langley,slangleypx@apache.org,17054.83
935,Markos,Gimbrett,mgimbrettpy@bbb.org,15581.07
936,Kathryn,Sissot,ksissotpz@home.pl,30783.69
937,Maudie,Maddick,mmaddickq0@ft.com,37778.53
938,Selle,Hallett,shallettq1@geocities.jp,66935.33
939,Heath,Methringham,hmethringhamq2@over-blog.com,67391.69
940,Ian,Penniall,ipenniallq3@slideshare.net,56430.1
941,Nikolos,Isakovic,nisakovicq4@bravesites.com,98046.87
942,Esta,Cleobury,ecleoburyq5@si.edu,34139.35
943,Candie,Mattioni,cmattioniq6@paginegialle.it,28379.95
944,Freddy,Staples,fstaplesq7@ovh.net,53877.48
945,Berta,Dunster,bdunsterq8@dropbox.com,24044.43
946,Monte,Pennetti,mpennettiq9@umn.edu,32910.02
947,Rabi,Kunat,rkunatqa@devhub.com,60449.51
948,Allissa,Gothrup,agothrupqb@psu.edu,73366.99
949,Eran,O' Scallan,eoscallanqc@symantec.com,61274.19
950,Letty,Reditt,lredittqd@wunderground.com,83770.3
951,Ira,Antill,iantillqe@altervista.org,26868.06
952,Trudie,Scyner,tscynerqf@oakley.com,44723.52
953,Emeline,Gozzett,egozzettqg@vk.com,80050.89
954,Tamma,Reignolds,treignoldsqh@go.com,17849.05
955,Kyrstin,Willcot,kwillcotqi@ft.com,64553.32
956,Antonia,Dumper,adumperqj@livejournal.com,55906.27
957,Brenna,Enrigo,benrigoqk@sitemeter.com,43971.26
958,Valentin,Pinchbeck,vpinchbeckql@wikispaces.com,75548.51
959,Jethro,Capron,jcapronqm@ifeng.com,34172.02
960,Jennie,Lantry,jlantryqn@cbsnews.com,24770.75
961,Dagmar,Tonkin,dtonkinqo@salon.com,53245.72
962,Maryanna,Mackley,mmackleyqp@twitpic.com,10247.19
963,Courtney,McLane,cmclaneqq@smh.com.au,80128.24
964,Blake,Fike,bfikeqr@desdev.cn,72475.47
965,Faina,Emblow,femblowqs@kickstarter.com,48223.77
966,Phillis,Vedenyakin,pvedenyakinqt@rediff.com,56667.56
967,Joceline,Sergent,jsergentqu@feedburner.com,35195.17
968,Elaine,Maris,emarisqv@digg.com,56375.7
969,Kaspar,Lilleman,klillemanqw@dmoz.org,23854.42
970,Erina,Lenaghen,elenaghenqx@miibeian.gov.cn,75063.48
971,Elisabeth,Gavahan,egavahanqy@tripod.com,11095.87
972,Saraann,Crankhorn,scrankhornqz@aboutads.info,31316.0
973,Niccolo,Turneux,nturneuxr0@ehow.com,39045.15
974,Sterling,Salliere,ssallierer1@businessweek.com,78154.59
975,Taber,Klee,tkleer2@taobao.com,24303.63
976,Natala,Ivanin,nivaninr3@people.com.cn,94072.99
977,Diandra,Coneley,dconeleyr4@shutterfly.com,59244.48
978,Panchito,Pittel,ppittelr5@eepurl.com,15771.01
979,Dodie,Sabater,dsabaterr6@ning.com,78631.5
980,Isabelle,Meriott,imeriottr7@netvibes.com,46344.4
981,Gale,Warr,gwarrr8@msu.edu,43999.44
982,Betta,Tomas,btomasr9@uiuc.edu,96406.52
983,Emmott,Wince,ewincera@soundcloud.com,30201.29
984,Gail,Dugmore,gdugmorerb@examiner.com,81541.38
985,Joana,Enoksson,jenokssonrc@reference.com,96048.53
986,Hilliary,Foye,hfoyerd@usnews.com,76809.9
987,Uta,Bernard,ubernardre@irs.gov,90731.06
988,Arabele,McCullogh,amcculloghrf@tamu.edu,68113.17
989,Casi,Wheelband,cwheelbandrg@intel.com,56662.59
990,Coral,Nuton,cnutonrh@independent.co.uk,22148.53
991,Imogen,Briiginshaw,ibriiginshawri@alibaba.com,60627.62
992,Melitta,McGeagh,mmcgeaghrj@opera.com,12536.24
993,Debbi,Puckett,dpuckettrk@cdbaby.com,29184.17
994,Skyler,Cissen,scissenrl@dailymail.co.uk,59938.31
995,Johnath,Parmenter,jparmenterrm@narod.ru,24535.09
996,Yankee,Sivills,ysivillsrn@un.org,92853.17
997,Noel,Binder,nbinderro@ebay.co.uk,74617.47
998,Hermy,Drewry,hdrewryrp@yolasite.com,33191.56
999,Reid,Osinin,rosininrq@alibaba.com,34558.55
1000,Tine,Segrott,tsegrottrr@paginegialle.it,78600.7
