id,first_name,last_name,email,salary
1,Alidia,Found,afound0@who.int,37061.15
2,Carmelita,Kainz,ckainz1@facebook.com,56282.2
3,Tam,Pigford,tpigford2@miitbeian.gov.cn,42217.15
4,Malinde,Turbern,mturbern3@springer.com,42057.87
5,Starla,Laffling,slaffling4@addtoany.com,33477.31
6,Glennis,Liddell,gliddell5@biglobe.ne.jp,69638.18
7,Lil,Muckloe,lmuckloe6@51.la,87936.26
8,Nancie,Di Bernardo,ndibernardo7@sbwire.com,32159.88
9,Ginnie,Salvador,gsalvador8@ycombinator.com,20601.65
10,Matti,Penreth,mpenreth9@hostgator.com,40392.93
11,Addy,Cradey,acradeya@cbslocal.com,82438.02
12,Minerva,Helwig,mhelwigb@shutterfly.com,77954.08
13,Liesa,Dybald,ldybaldc@zdnet.com,34255.66
14,Alli,Redsall,aredsalld@symantec.com,74827.53
15,Emile,Hubbuck,ehubbucke@sun.com,41504.43
16,Ethelin,Satterley,esatterleyf@hexun.com,86258.1
17,Adelaide,Churms,achurmsg@theatlantic.com,77914.99
18,Ardys,Cherrett,acherretth@yellowbook.com,41763.61
19,Yulma,Busch,ybuschi@si.edu,91276.07
20,Truman,Bilbey,tbilbeyj@wsj.com,86826.35
21,Helaine,Garrow,hgarrowk@nps.gov,18241.88
22,Johnath,Giffon,jgiffonl@meetup.com,93078.6
23,Wendi,Ovise,wovisem@cdc.gov,31566.39
24,Dody,Feake,dfeaken@nhs.uk,34401.79
25,Tawnya,Waszczyk,twaszczyko@moonfruit.com,22577.71
26,Stefania,Behning,sbehningp@jimdo.com,56039.44
27,Wallace,Hardin,whardinq@networksolutions.com,81853.89
28,Horst,Mackleden,hmackledenr@prnewswire.com,56237.51
29,Tomkin,Bovingdon,tbovingdons@artisteer.com,47093.84
30,Tyler,Abelov,tabelovt@amazon.co.uk,44357.65
31,Camellia,Antunes,cantunesu@chicagotribune.com,93947.74
32,Rosita,Jouanny,rjouannyv@github.io,88715.26
33,Nadia,Galliard,ngalliardw@redcross.org,48147.63
34,Devy,Hugueville,dhuguevillex@telegraph.co.uk,65597.67
35,Dwayne,Warren,dwarreny@delicious.com,32466.78
36,Sophey,Natte,snattez@parallels.com,96633.85
37,Theresina,Pendell,tpendell10@admin.ch,65420.6
38,Maryjo,Gwioneth,mgwioneth11@psu.edu,99517.01
39,Dov,Athelstan,dathelstan12@pagesperso-orange.fr,97140.78
40,Riobard,McCrea,rmccrea13@clickbank.net,94640.23
41,Lin,Kleinsmuntz,lkleinsmuntz14@google.de,98412.88
42,Aluin,Burlay,aburlay15@earthlink.net,83176.16
43,Jorrie,Nineham,jnineham16@ca.gov,24066.69
44,Brian,Crowdy,bcrowdy17@deviantart.com,82293.09
45,Myrvyn,Purselow,mpurselow18@nature.com,31506.2
46,Krissy,Tomaselli,ktomaselli19@networksolutions.com,71608.12
47,Lorine,Pinks,lpinks1a@multiply.com,71498.21
48,Minna,Slowan,mslowan1b@skype.com,27985.53
49,Cherilyn,Rubrow,crubrow1c@globo.com,31191.4
50,Bertrand,Huyghe,bhuyghe1d@nytimes.com,11000.55
51,Stephan,Walkowski,swalkowski1e@msu.edu,28505.16
52,Heddie,Gaze,hgaze1f@vk.com,84547.66
53,Dona,Fforde,dfforde1g@google.it,74017.96
54,Maury,Fishley,mfishley1h@weebly.com,82945.37
55,Louella,Taylorson,ltaylorson1i@nifty.com,30374.98
56,Analiese,Lomasney,alomasney1j@bing.com,68200.52
57,Yasmeen,Arrigo,yarrigo1k@nationalgeographic.com,65595.76
58,Conny,Delnevo,cdelnevo1l@edublogs.org,54929.99
59,Marci,Stelli,mstelli1m@networkadvertising.org,16452.36
60,Domenico,Scholfield,dscholfield1n@sciencedaily.com,79862.04
61,Ofilia,Stut,ostut1o@cbc.ca,82018.5
62,Domini,Clapham,dclapham1p@dedecms.com,15148.81
63,Helene,Broadway,hbroadway1q@studiopress.com,21699.98
64,Anabelle,Lamers,alamers1r@yale.edu,49082.69
65,Marian,Mirams,mmirams1s@tripod.com,37342.88
66,Willamina,Gosse,wgosse1t@so-net.ne.jp,38410.59
67,Colleen,Jansie,cjansie1u@t-online.de,87444.32
68,Nona,Kingsnod,nkingsnod1v@techcrunch.com,29230.68
69,Saleem,Gerty,sgerty1w@aboutads.info,44113.35
70,Hailey,Everson,heverson1x@webeden.co.uk,73266.49
71,Silas,Vanelli,svanelli1y@vkontakte.ru,77666.14
72,Keir,Doneld,kdoneld1z@berkeley.edu,79917.1
73,Krisha,Reyes,kreyes20@symantec.com,89768.87
74,Pieter,Mattioni,pmattioni21@xing.com,68714.18
75,Ertha,Denny,edenny22@blogspot.com,10384.74
76,Elysia,Simner,esimner23@drupal.org,96628.25
77,Angil,Bampford,abampford24@oakley.com,94018.62
78,Jacquette,Matisse,jmatisse25@washingtonpost.com,70277.9
79,Kaye,Tubritt,ktubritt26@indiegogo.com,59393.18
80,Lorianna,Pumphreys,lpumphreys27@dagondesign.com,35165.27
81,Lexy,Coule,lcoule28@nih.gov,98374.99
82,Andee,Rowles,arowles29@slideshare.net,97091.35
83,Hedvig,Tyler,htyler2a@google.pl,78595.1
84,Robenia,O'Kuddyhy,rokuddyhy2b@friendfeed.com,97810.73
85,Ambrose,Boulde,aboulde2c@flavors.me,59651.19
86,Olenka,Willmetts,owillmetts2d@google.ru,48109.43
87,Morgen,Cristofari,mcristofari2e@mashable.com,46564.93
88,Madelina,Worpole,mworpole2f@amazon.de,76515.07
89,Verene,Phillpotts,vphillpotts2g@gnu.org,33180.88
90,Clarance,Pedycan,cpedycan2h@washington.edu,57614.71
91,Merola,McIlharga,mmcilharga2i@xrea.com,41096.62
92,Errick,Rustedge,erustedge2j@deliciousdays.com,63348.39
93,Rudyard,Dorkins,rdorkins2k@bizjournals.com,34985.54
94,Lesya,Grut,lgrut2l@disqus.com,50319.23
95,Evangeline,Happer,ehapper2m@irs.gov,61106.22
96,Charmion,Trevain,ctrevain2n@eepurl.com,69476.21
97,Gabriel,Dran,gdran2o@columbia.edu,64301.56
98,Reggie,Gloy,rgloy2p@studiopress.com,97294.9
99,Annabella,Allix,aallix2q@fda.gov,11239.22
100,Delmor,Scotsbrook,dscotsbrook2r@jalbum.net,71423.49
101,Harlene,Brunsdon,hbrunsdon2s@google.ru,56533.34
102,Tamma,Fynes,tfynes2t@dagondesign.com,13571.52
103,Perice,Hubble,phubble2u@godaddy.com,65595.03
104,Nick,Parman,nparman2v@devhub.com,32400.76
105,Jana,Yurivtsev,jyurivtsev2w@nyu.edu,64865.62
106,Simonne,Casine,scasine2x@xing.com,20002.2
107,Hedvige,Garatty,hgaratty2y@geocities.com,19355.61
108,Kaela,Macquire,kmacquire2z@uiuc.edu,89068.68
109,Gillan,Pepi,gpepi30@gov.uk,22546.2
110,Brew,Finlry,bfinlry31@wikipedia.org,54192.19
111,Orran,Trevon,otrevon32@foxnews.com,67698.31
112,Minette,Lardez,mlardez33@topsy.com,94571.49
113,Minerva,Maughan,mmaughan34@sina.com.cn,98745.24
114,Winnie,Campe,wcampe35@google.it,95885.71
115,Diane-marie,Langran,dlangran36@cafepress.com,33739.54
116,Nadiya,Claiton,nclaiton37@java.com,85597.35
117,Augustin,Syalvester,asyalvester38@stanford.edu,42910.89
118,Orland,Ginnane,oginnane39@archive.org,16297.95
119,Darcy,Sagg,dsagg3a@nbcnews.com,26302.36
120,Grant,Laidler,glaidler3b@mayoclinic.com,94976.98
121,Kerry,Howling,khowling3c@addtoany.com,56325.18
122,Kellyann,Ramsier,kramsier3d@jalbum.net,18335.27
123,Padraic,Labbati,plabbati3e@quantcast.com,55708.02
124,Timi,Pechold,tpechold3f@ft.com,97723.04
125,Essie,Bankes,ebankes3g@baidu.com,63159.92
126,Ginnifer,Hehl,ghehl3h@scientificamerican.com,96871.12
127,Alfonso,Guitton,aguitton3i@blogger.com,88058.6
128,Devonna,Weson,dweson3j@google.fr,91107.77
129,Nerty,Tash,ntash3k@samsung.com,97571.1
130,Kristi,Chatelot,kchatelot3l@tripadvisor.com,34566.13
131,Carley,Candy,ccandy3m@amazon.de,43710.81
132,Rosa,Oldrey,roldrey3n@ovh.net,94915.76
133,Berna,Atley,batley3o@blinklist.com,74956.1
134,Janenna,Simonds,jsimonds3p@sfgate.com,28777.74
135,Frederica,Payne,fpayne3q@youtu.be,78130.2
136,Lynnett,Devinn,ldevinn3r@dmoz.org,21667.21
137,Cristine,Bille,cbille3s@printfriendly.com,59415.38
138,Dreddy,Emanuelov,demanuelov3t@domainmarket.com,35676.6
139,Allayne,Shier,ashier3u@4shared.com,99001.96
140,Dov,Hemstead,dhemstead3v@dyndns.org,79646.79
141,Willdon,Shorte,wshorte3w@cyberchimps.com,97894.92
142,Vince,Lanney,vlanney3x@ebay.co.uk,72966.15
143,Barbette,Steet,bsteet3y@nps.gov,29434.68
144,Lorenzo,Dripp,ldripp3z@trellian.com,67352.27
145,Far,Stoyles,fstoyles40@prweb.com,16821.81
146,Billye,Walcher,bwalcher41@gravatar.com,21314.86
147,Donall,Tiner,dtiner42@npr.org,62314.44
148,Alberta,Rawstron,arawstron43@bluehost.com,91362.64
149,Wilmar,Stickins,wstickins44@spiegel.de,70140.83
150,Kim,Mohan,kmohan45@reuters.com,72299.71
151,Pablo,Beecham,pbeecham46@cbsnews.com,24765.58
152,Chelsy,Canario,ccanario47@ow.ly,84720.22
153,Agretha,Morfell,amorfell48@istockphoto.com,80620.84
154,Terza,Cicchelli,tcicchelli49@washington.edu,68645.25
155,Harriett,Casetti,hcasetti4a@archive.org,68083.24
156,Audre,Widdowfield,awiddowfield4b@wikia.com,42230.99
157,Vyky,Pagnin,vpagnin4c@europa.eu,28120.83
158,Davy,Sherlaw,dsherlaw4d@ehow.com,22711.07
159,Emlen,Leahey,eleahey4e@creativecommons.org,85199.37
160,Korney,Thornewill,kthornewill4f@about.com,93539.08
161,Tamma,Wreakes,twreakes4g@csmonitor.com,54786.48
162,Lorettalorna,Paeckmeyer,lpaeckmeyer4h@bloglines.com,47949.06
163,Douglas,Joannic,djoannic4i@tiny.cc,98526.78
164,Yehudit,Sparham,ysparham4j@list-manage.com,10127.65
165,Bree,Teather,bteather4k@github.io,60999.56
166,Fay,Vedenichev,fvedenichev4l@tuttocitta.it,23607.47
167,Sawyer,Pawnsford,spawnsford4m@google.ca,77836.69
168,Beulah,Sola,bsola4n@jimdo.com,76078.13
169,Faina,McTrustie,fmctrustie4o@eepurl.com,54125.86
170,Batsheva,Gerin,bgerin4p@cbsnews.com,56355.51
171,Latrena,Christophe,lchristophe4q@youtube.com,82070.59
172,Kaja,Chippendale,kchippendale4r@feedburner.com,22373.97
173,Deanne,Pickwell,dpickwell4s@pbs.org,31686.1
174,Yulma,Chesswas,ychesswas4t@reverbnation.com,36926.59
175,Kamila,Shasnan,kshasnan4u@alexa.com,87039.39
176,Elena,Tribble,etribble4v@smh.com.au,66632.74
177,Miner,Anton,manton4w@skype.com,60958.91
178,Lizette,MacAskill,lmacaskill4x@taobao.com,92578.16
179,Tann,Grelak,tgrelak4y@wikipedia.org,28311.5
180,Gannon,Guillet,gguillet4z@hhs.gov,92295.15
181,Elfrieda,Valder,evalder50@ameblo.jp,77431.23
182,Denys,Yesenev,dyesenev51@trellian.com,11206.26
183,Margie,Girardy,mgirardy52@walmart.com,28131.28
184,Derward,Knyvett,dknyvett53@wikimedia.org,73811.49
185,Moritz,Wilks,mwilks54@networksolutions.com,26183.69
186,Conn,Itzkovwitch,citzkovwitch55@storify.com,36651.2
187,De,Baverstock,dbaverstock56@seattletimes.com,21554.82
188,Clarinda,Tace,ctace57@mapy.cz,25376.45
189,Jeri,McPhilip,jmcphilip58@goo.ne.jp,51720.35
190,Malena,Stannard,mstannard59@nifty.com,95934.89
191,Mureil,Garmanson,mgarmanson5a@nationalgeographic.com,37452.44
192,Moses,Dimitrescu,mdimitrescu5b@joomla.org,37472.72
193,George,Crayden,gcrayden5c@dmoz.org,35930.49
194,Ileane,Burr,iburr5d@github.io,74422.56
195,Archambault,Nazaret,anazaret5e@hhs.gov,10106.58
196,Sharline,Munslow,smunslow5f@engadget.com,21183.56
197,Carol-jean,Memmory,cmemmory5g@about.com,89762.27
198,Eugine,Sheehan,esheehan5h@discuz.net,11408.62
199,Albertine,Gockeler,agockeler5i@oracle.com,83378.52
200,Amandie,Lamble,alamble5j@ibm.com,52872.26
201,Jemmie,Marriage,jmarriage5k@wikia.com,12001.36
202,Rodney,Keelinge,rkeelinge5l@utexas.edu,78652.46
203,Ignazio,McGarrie,imcgarrie5m@dropbox.com,84326.74
204,Wenona,Rooze,wrooze5n@ehow.com,78046.09
205,Karisa,Bann,kbann5o@statcounter.com,85250.15
206,Paloma,Madison,pmadison5p@example.com,22365.98
207,Viviene,Bowick,vbowick5q@sbwire.com,19852.84
208,Hailey,Uc,huc5r@prlog.org,41419.59
209,Philippa,Wolfers,pwolfers5s@sitemeter.com,71724.15
210,Gavan,Shurrocks,gshurrocks5t@netlog.com,59596.37
211,Jose,Frensche,jfrensche5u@washington.edu,49908.83
212,Alana,Matfield,amatfield5v@adobe.com,20539.0
213,Sayer,Eads,seads5w@foxnews.com,89215.15
214,Dona,McGarel,dmcgarel5x@senate.gov,11782.41
215,Lynnell,Espinosa,lespinosa5y@nsw.gov.au,67602.49
216,Athena,Bowmer,abowmer5z@cornell.edu,69964.84
217,Heath,Pashba,hpashba60@hc360.com,84388.82
218,Zsazsa,Trow,ztrow61@mail.ru,21470.86
219,La verne,Raspin,lraspin62@about.me,46858.77
220,Wanids,Thompson,wthompson63@army.mil,23624.56
221,Cynthia,Livingstone,clivingstone64@paginegialle.it,35517.15
222,Nev,Shalcros,nshalcros65@hhs.gov,57411.0
223,Merwyn,Sibly,msibly66@friendfeed.com,70846.8
224,Sergent,Fain,sfain67@about.me,87420.2
225,Egan,Sendall,esendall68@blogs.com,18358.97
226,Lesly,Najafian,lnajafian69@scribd.com,61902.99
227,Georgetta,Jales,gjales6a@yelp.com,76666.78
228,Becka,Pounds,bpounds6b@ovh.net,13724.19
229,Octavius,Hargroves,ohargroves6c@cnbc.com,59337.2
230,Had,Hundy,hhundy6d@slate.com,87744.79
231,Gwenore,Parlatt,gparlatt6e@tripod.com,16909.46
232,Pier,Aviss,paviss6f@japanpost.jp,88633.56
233,Dougie,Schultes,dschultes6g@usda.gov,45009.13
234,Yelena,Bednell,ybednell6h@plala.or.jp,84860.75
235,Brad,Oakton,boakton6i@mysql.com,66943.62
236,Evie,Rosenstiel,erosenstiel6j@theatlantic.com,32436.82
237,Janessa,Fursse,jfursse6k@google.com,46434.7
238,Mildred,Bonnaire,mbonnaire6l@bbc.co.uk,49529.14
239,Osbourne,Howgill,ohowgill6m@wp.com,68527.83
240,Manolo,Sambles,msambles6n@springer.com,38047.61
241,Shelly,Gissing,sgissing6o@multiply.com,65640.36
242,Joella,Pyett,jpyett6p@1688.com,73281.65
243,Nicolas,Durnin,ndurnin6q@ftc.gov,87886.96
244,Kaja,Mutton,kmutton6r@odnoklassniki.ru,38812.8
245,Monti,Dundridge,mdundridge6s@github.com,34168.23
246,Steffen,Reignard,sreignard6t@google.co.jp,65262.16
247,Norry,Nesbitt,nnesbitt6u@wikia.com,78274.14
248,Carmela,McChesney,cmcchesney6v@sphinn.com,40776.2
249,Gertrud,Lambourne,glambourne6w@ycombinator.com,11943.63
250,Allyson,Duckfield,aduckfield6x@arizona.edu,53084.18
251,Valene,Flaverty,vflaverty6y@pinterest.com,75168.4
252,Kiley,Tweedie,ktweedie6z@sphinn.com,29380.07
253,Arnoldo,Reay,areay70@artisteer.com,62184.15
254,Athene,Mackriell,amackriell71@jimdo.com,85482.98
255,Rita,Nannizzi,rnannizzi72@narod.ru,61130.11
256,Jojo,Killiam,jkilliam73@washingtonpost.com,72560.43
257,Stace,Lorking,slorking74@usnews.com,34857.48
258,Beck,Bellin,bbellin75@dailymotion.com,11678.28
259,Bondy,Stedman,bstedman76@hatena.ne.jp,73343.34
260,Kelcie,Maymand,kmaymand77@topsy.com,71067.08
261,Julie,Lodovichi,jlodovichi78@go.com,24331.05
262,Collette,Palleske,cpalleske79@telegraph.co.uk,40191.67
263,Jacob,Tindle,jtindle7a@princeton.edu,67562.1
264,Giustina,Mitroshinov,gmitroshinov7b@adobe.com,25149.5
265,Drusilla,Gheraldi,dgheraldi7c@google.com.hk,45856.57
266,Octavius,Gian,ogian7d@ameblo.jp,62746.96
267,Sterling,Presidey,spresidey7e@acquirethisname.com,62192.53
268,Tansy,Dubery,tdubery7f@tmall.com,76216.06
269,Faustine,Lissenden,flissenden7g@exblog.jp,86021.52
270,Korry,Daouze,kdaouze7h@g.co,80259.46
271,Sanson,Ajean,sajean7i@foxnews.com,96894.31
272,Mill,Iacomelli,miacomelli7j@privacy.gov.au,70464.54
273,Caryn,Drewitt,cdrewitt7k@ebay.com,96013.5
274,Devon,McPherson,dmcpherson7l@whitehouse.gov,11607.94
275,Frank,Gleasane,fgleasane7m@google.co.jp,21140.15
276,Shelton,Inge,singe7n@mayoclinic.com,78796.82
277,Loria,Setterfield,lsetterfield7o@narod.ru,74701.04
278,Terri-jo,Wells,twells7p@goo.ne.jp,73615.52
279,Kleon,Coleford,kcoleford7q@yellowbook.com,78981.91
280,Ilyssa,Pfeffle,ipfeffle7r@illinois.edu,81446.4
281,Robinette,Gatley,rgatley7s@ovh.net,22437.09
282,Arri,Yeeles,ayeeles7t@e-recht24.de,31058.46
283,Jessica,Veschambre,jveschambre7u@hud.gov,64336.72
284,Sheffield,Vesque,svesque7v@bandcamp.com,65038.34
285,Nari,Workman,nworkman7w@bloomberg.com,38592.4
286,Silvan,Vauls,svauls7x@pinterest.com,33321.73
287,Liva,Yearn,lyearn7y@sina.com.cn,39726.22
288,Alta,Oubridge,aoubridge7z@goo.ne.jp,87897.02
289,Far,Sneller,fsneller80@ebay.co.uk,76755.17
290,Sophia,Grodden,sgrodden81@cbslocal.com,51767.76
291,Nanci,Nazareth,nnazareth82@eepurl.com,11292.49
292,Ephrem,Wagnerin,ewagnerin83@freewebs.com,19322.98
293,Isidora,Olczak,iolczak84@dedecms.com,14789.75
294,Giustino,Severs,gsevers85@woothemes.com,65193.13
295,Valene,Donavan,vdonavan86@examiner.com,62981.47
296,Lynne,Kulvear,lkulvear87@amazon.co.uk,92617.6
297,Carce,Liccardi,cliccardi88@cornell.edu,34111.81
298,Johnathon,Haestier,jhaestier89@deliciousdays.com,39071.37
299,Hermione,Clack,hclack8a@hp.com,82741.71
300,Garvy,Foote,gfoote8b@mapy.cz,16984.43
301,Henriette,Antos,hantos8c@gizmodo.com,34329.42
302,Teodora,Barnes,tbarnes8d@edublogs.org,65306.92
303,Zarla,Dreinan,zdreinan8e@businessinsider.com,68191.54
304,Olivia,Dublin,odublin8f@addtoany.com,63366.32
305,Babette,Astbery,bastbery8g@fema.gov,28687.51
306,Elianore,Storrie,estorrie8h@kickstarter.com,21752.84
307,Tori,Heatherington,theatherington8i@nih.gov,76398.71
308,Raye,Summerell,rsummerell8j@is.gd,78253.97
309,Hobard,Beahan,hbeahan8k@washington.edu,95010.2
310,Deedee,Bierton,dbierton8l@soup.io,36084.74
311,Miner,Brecher,mbrecher8m@usnews.com,32672.43
312,Rebe,Haquin,rhaquin8n@blogtalkradio.com,61831.99
313,Gena,Gibbetts,ggibbetts8o@scribd.com,40672.35
314,Iolanthe,Heggadon,iheggadon8p@gnu.org,19568.72
315,Joli,Stanway,jstanway8q@google.de,11990.73
316,Darlene,Le Marchant,dlemarchant8r@123-reg.co.uk,23846.62
317,Lusa,Worner,lworner8s@deviantart.com,57164.7
318,Stern,Olexa,solexa8t@photobucket.com,76731.28
319,Rab,Brockley,rbrockley8u@plala.or.jp,23425.5
320,Clerkclaude,Hillin,chillin8v@smh.com.au,72930.01
321,Evelin,Nusche,enusche8w@github.io,61271.76
322,Ellswerth,Alecock,ealecock8x@patch.com,97132.44
323,Lyon,Aicken,laicken8y@mapy.cz,29017.37
324,Nana,Katz,nkatz8z@adobe.com,40653.57
325,Symon,Mabbs,smabbs90@nymag.com,47102.58
326,Guillemette,Bedle,gbedle91@eventbrite.com,67648.5
327,Teodor,O'Bruen,tobruen92@skyrock.com,80191.93
328,Cathy,Davidou,cdavidou93@hibu.com,11921.8
329,Selestina,Lettice,slettice94@squidoo.com,97034.54
330,Maritsa,Greeson,mgreeson95@booking.com,81011.24
331,Lulita,Double,ldouble96@stumbleupon.com,86569.81
332,Alena,McLleese,amclleese97@reverbnation.com,25070.57
333,Carlyn,Larmett,clarmett98@arizona.edu,89315.97
334,Franky,Fullick,ffullick99@soup.io,18799.59
335,Alli,Daggett,adaggett9a@merriam-webster.com,15683.51
336,Maddalena,Altoft,maltoft9b@tinyurl.com,82152.55
337,Foss,Knocker,fknocker9c@stanford.edu,30297.06
338,Jourdan,Ritchie,jritchie9d@berkeley.edu,41591.51
339,Patrica,Lewnden,plewnden9e@furl.net,26769.01
340,Duff,Crew,dcrew9f@1und1.de,74633.72
341,Wes,Lampett,wlampett9g@house.gov,11600.39
342,Quentin,Cockroft,qcockroft9h@liveinternet.ru,32918.74
343,Coletta,Antrag,cantrag9i@goo.ne.jp,90580.17
344,Frieda,Melville,fmelville9j@tinypic.com,72185.25
345,Hilly,Petkov,hpetkov9k@usda.gov,43047.91
346,Cornall,Leemans,cleemans9l@goo.ne.jp,53855.11
347,Dilan,Bishopp,dbishopp9m@multiply.com,16903.23
348,Lynnet,Burchill,lburchill9n@zimbio.com,94216.92
349,Sheelagh,Feronet,sferonet9o@about.me,90776.86
350,Linn,Spurett,lspurett9p@wisc.edu,45241.87
351,Trace,Burl,tburl9q@harvard.edu,11100.7
352,Milly,Taylo,mtaylo9r@wp.com,93933.13
353,Joey,Reijmers,jreijmers9s@tumblr.com,39540.73
354,Rudolf,Passingham,rpassingham9t@disqus.com,21834.86
355,Falito,MacDirmid,fmacdirmid9u@mashable.com,27944.89
356,Risa,Kindleside,rkindleside9v@marketwatch.com,33410.15
357,Shelba,Braunter,sbraunter9w@goodreads.com,28544.01
358,Gardy,Fredi,gfredi9x@tamu.edu,90396.0
359,Amelita,Gaskell,agaskell9y@rakuten.co.jp,27606.7
360,Romain,O' Dornan,rodornan9z@ifeng.com,55306.04
361,Abe,Bateup,abateupa0@marriott.com,14681.4
362,Demetria,Paling,dpalinga1@1688.com,18041.44
363,Kirsteni,Yakobowitz,kyakobowitza2@marriott.com,97679.24
364,Auroora,Kirman,akirmana3@archive.org,19860.4
365,Cordie,Mityashev,cmityasheva4@msu.edu,17047.89
366,Susana,Hudspith,shudspitha5@auda.org.au,23370.65
367,Margery,Matevushev,mmatevusheva6@artisteer.com,67234.67
368,Joela,Rudsdale,jrudsdalea7@stanford.edu,95988.61
369,Codie,Deare,cdearea8@dot.gov,53993.6
370,Saxon,McQuilliam,smcquilliama9@mashable.com,53123.94
371,Arney,Pember,apemberaa@delicious.com,30628.99
372,Francis,Mundie,fmundieab@livejournal.com,97078.71
373,Ali,Jellman,ajellmanac@etsy.com,31408.49
374,Konstance,Warburton,kwarburtonad@mysql.com,67221.95
375,Vivi,Shrimplin,vshrimplinae@ocn.ne.jp,47894.61
376,Suzanne,Pigford,spigfordaf@elegantthemes.com,56547.98
377,Pietro,O'Donegan,podoneganag@youtu.be,28707.09
378,Duke,Balden,dbaldenah@ftc.gov,17815.97
379,Sunshine,Gibbings,sgibbingsai@smugmug.com,87386.97
380,Sophie,Harbert,sharbertaj@cbslocal.com,37852.77
381,Fidole,McGrirl,fmcgrirlak@parallels.com,71347.42
382,Juline,Antoniewski,jantoniewskial@oakley.com,56578.0
383,Stacia,Minocchi,sminocchiam@discuz.net,33717.14
384,Irma,Tod,itodan@wsj.com,40594.87
385,Kyla,Clapham,kclaphamao@arizona.edu,72374.2
386,Poul,Cocher,pcocherap@dedecms.com,50864.1
387,Garnet,Molyneaux,gmolyneauxaq@photobucket.com,66952.62
388,Kristel,Feake,kfeakear@csmonitor.com,89029.7
389,Rozanne,Sherr,rsherras@chron.com,77675.33
390,Dena,Bockmaster,dbockmasterat@springer.com,17287.2
391,Stacy,O'Loughane,soloughaneau@php.net,88305.66
392,Huntington,Shobrook,hshobrookav@youku.com,73595.21
393,Beverly,Clampe,bclampeaw@ted.com,99756.88
394,Arturo,Romans,aromansax@archive.org,69560.62
395,Arleyne,Phil,aphilay@buzzfeed.com,90885.33
396,Winona,Bushel,wbushelaz@state.tx.us,20670.88
397,Ursala,Vizard,uvizardb0@spotify.com,57322.35
398,Arlee,Ickowicz,aickowiczb1@sina.com.cn,11579.74
399,Arabel,Chetwin,achetwinb2@sphinn.com,27498.32
400,Glenn,Holworth,gholworthb3@walmart.com,70528.26
401,Lucille,Cotgrove,lcotgroveb4@xrea.com,81204.84
402,Orelia,Wheldon,owheldonb5@amazonaws.com,90550.68
403,Catharina,Gallacher,cgallacherb6@cnn.com,75863.63
404,Romy,McGrotty,rmcgrottyb7@friendfeed.com,51380.83
405,Maynard,McKeighen,mmckeighenb8@comcast.net,59967.31
406,Benetta,Pendlenton,bpendlentonb9@naver.com,17372.12
407,Xerxes,Knowlman,xknowlmanba@yellowpages.com,18833.72
408,Erv,Ewbanck,eewbanckbb@freewebs.com,26423.98
409,Calla,Rizzi,crizzibc@china.com.cn,71213.97
410,Sula,Houten,shoutenbd@google.it,33786.56
411,Nerita,Byre,nbyrebe@qq.com,88408.59
412,Francisca,Howell,fhowellbf@independent.co.uk,10489.47
413,Patsy,Grimble,pgrimblebg@domainmarket.com,11385.61
414,Bill,Milsom,bmilsombh@wordpress.com,42535.84
415,Chloe,Beardsdale,cbeardsdalebi@arstechnica.com,50181.31
416,Mead,Maylor,mmaylorbj@list-manage.com,26189.78
417,Mufinella,Grigaut,mgrigautbk@gizmodo.com,66021.32
418,Rutger,Verne,rvernebl@csmonitor.com,51389.27
419,Claudius,O'Heagertie,coheagertiebm@biblegateway.com,59749.73
420,Tonia,Bysouth,tbysouthbn@furl.net,89769.87
421,Shelly,Arkill,sarkillbo@wordpress.com,94878.81
422,Ardelis,Broe,abroebp@parallels.com,20163.85
423,Dorella,Menezes,dmenezesbq@harvard.edu,17332.33
424,Dollie,Fishly,dfishlybr@barnesandnoble.com,56610.02
425,Aymer,Cluely,acluelybs@samsung.com,60756.1
426,Alyda,Kettlestringe,akettlestringebt@wikipedia.org,62849.07
427,Arielle,Towl,atowlbu@digg.com,71256.45
428,Denney,Jorgesen,djorgesenbv@ed.gov,93284.42
429,Sheila-kathryn,Warhurst,swarhurstbw@shinystat.com,77502.4
430,Lorene,Shatliff,lshatliffbx@surveymonkey.com,77914.52
431,Irving,Grigori,igrigoriby@over-blog.com,26492.77
432,Gwennie,McCord,gmccordbz@wp.com,10160.8
433,Nita,Maryott,nmaryottc0@live.com,96329.35
434,Forster,Willbraham,fwillbrahamc1@usatoday.com,17937.78
435,Salvatore,Hayler,shaylerc2@usda.gov,99744.71
436,Catrina,Doale,cdoalec3@psu.edu,35394.07
437,Adi,Phateplace,aphateplacec4@hao123.com,15807.0
438,Neel,Heighton,nheightonc5@zimbio.com,88044.9
439,Cassandra,Goscar,cgoscarc6@bloglines.com,69240.04
440,Garnette,Pryor,gpryorc7@mysql.com,98612.82
441,Che,Prin,cprinc8@sun.com,99218.91
442,Mayer,Weins,mweinsc9@mit.edu,85321.21
443,Rollo,Upfold,rupfoldca@smugmug.com,31386.94
444,Frazier,Gosford,fgosfordcb@discuz.net,73571.73
445,Korrie,Greensite,kgreensitecc@altervista.org,63582.98
446,Lita,Schutze,lschutzecd@etsy.com,85656.69
447,Drusie,Feuell,dfeuellce@nsw.gov.au,24933.5
448,Myranda,Brigman,mbrigmancf@census.gov,18378.5
449,Malina,Callar,mcallarcg@engadget.com,31253.05
450,Lynn,Burden,lburdench@friendfeed.com,36846.95
451,Idaline,Wagerfield,iwagerfieldci@dell.com,56503.11
452,Bail,Fursse,bfurssecj@prweb.com,79954.74
453,Virginia,Mompesson,vmompessonck@nps.gov,64574.56
454,Stefanie,Aasaf,saasafcl@pbs.org,15796.79
455,Laurena,Sweeney,lsweeneycm@wsj.com,16514.63
456,Blinny,Clewer,bclewercn@canalblog.com,36486.26
457,Tildy,Cluderay,tcluderayco@123-reg.co.uk,96789.99
458,Gene,Challes,gchallescp@goodreads.com,50798.48
459,Tull,Purches,tpurchescq@mysql.com,50326.16
460,Hagan,Noah,hnoahcr@google.com.au,42359.65
461,Hoyt,Labrow,hlabrowcs@omniture.com,99497.1
462,Caleb,Algie,calgiect@marketwatch.com,48374.03
463,Chlo,Mauger,cmaugercu@oracle.com,17175.56
464,Hadleigh,Kondrachenko,hkondrachenkocv@de.vu,66958.65
465,Winifield,Latore,wlatorecw@fc2.com,79195.04
466,Lonee,Bednall,lbednallcx@chronoengine.com,36226.78
467,Margette,Briffett,mbriffettcy@umich.edu,45497.12
468,Adriane,Spire,aspirecz@businesswire.com,48914.98
469,Abe,Becom,abecomd0@com.com,60538.02
470,Helaina,Dowsing,hdowsingd1@comcast.net,90527.86
471,Vinny,Bridgen,vbridgend2@163.com,47440.75
472,Korney,Novacek,knovacekd3@a8.net,23597.23
473,Lucias,Rowson,lrowsond4@reference.com,72053.31
474,Darill,Jeynes,djeynesd5@patch.com,31379.07
475,Theresina,Halgarth,thalgarthd6@macromedia.com,84783.32
476,Lauri,Cottell,lcottelld7@rediff.com,66368.54
477,Hill,Grassi,hgrassid8@bbc.co.uk,18267.14
478,Conrade,Janu,cjanud9@flavors.me,19609.0
479,Galven,Bedbrough,gbedbroughda@blogs.com,38187.86
480,Catie,Ipplett,cipplettdb@yolasite.com,18064.58
481,Lorianna,Tomaselli,ltomasellidc@360.cn,45693.22
482,Klaus,Stidson,kstidsondd@washingtonpost.com,23066.21
483,Stacee,Peacocke,speacockede@networksolutions.com,46653.23
484,Philippine,Mc Kellen,pmckellendf@163.com,64366.18
485,Tori,Towse,ttowsedg@sciencedirect.com,81389.34
486,Sindee,Pensom,spensomdh@t.co,18823.61
487,Joelly,Stych,jstychdi@about.com,30599.45
488,Tiena,Craxford,tcraxforddj@rediff.com,88647.59
489,Hans,Coggins,hcogginsdk@soundcloud.com,32578.08
490,Terrie,Kmieciak,tkmieciakdl@symantec.com,68323.08
491,Sandra,Foy,sfoydm@flickr.com,47492.68
492,Amalie,Gilphillan,agilphillandn@technorati.com,26896.04
493,Margareta,Drayton,mdraytondo@reverbnation.com,74485.41
494,Burton,Trenbay,btrenbaydp@chronoengine.com,44134.23
495,William,Crispin,wcrispindq@fastcompany.com,29258.2
496,Beltran,Brierton,bbriertondr@tumblr.com,87963.81
497,Tracy,Gionettitti,tgionettittids@jigsy.com,33911.84
498,Thia,Hiskey,thiskeydt@businesswire.com,61055.78
499,Major,Corcut,mcorcutdu@gravatar.com,65624.58
500,Antonin,Reignard,areignarddv@ed.gov,12293.88
501,Sylas,Stathor,sstathordw@google.co.uk,55022.22
502,D'arcy,Sizey,dsizeydx@answers.com,21143.75
503,Nettle,Kivell,nkivelldy@biglobe.ne.jp,70975.71
504,Marti,Guierre,mguierredz@aol.com,97685.57
505,Alwin,Tenby,atenbye0@nytimes.com,93127.3
506,Johny,Aggio,jaggioe1@amazon.co.uk,22300.22
507,Rollo,Ortmann,rortmanne2@ask.com,60645.41
508,Hew,Shilstone,hshilstonee3@hugedomains.com,84578.36
509,Lance,Shine,lshinee4@samsung.com,46704.73
510,Rodie,Winch,rwinche5@creativecommons.org,82414.35
511,Meredith,Foy,mfoye6@domainmarket.com,77952.78
512,Aron,Ferras,aferrase7@irs.gov,74467.87
513,Thomas,Rimmington,trimmingtone8@amazon.co.uk,11675.98
514,Kristos,Steffan,ksteffane9@sfgate.com,50122.42
515,Jillane,Spenceley,jspenceleyea@shutterfly.com,74896.13
516,Blondell,Cardenoso,bcardenosoeb@hexun.com,31040.73
517,Felike,Stiell,fstiellec@shareasale.com,46281.87
518,Bianka,Reddington,breddingtoned@ehow.com,19255.72
519,Kristoforo,Postians,kpostiansee@reference.com,46296.38
520,Meredeth,Lovegrove,mlovegroveef@cnbc.com,76802.3
521,Dorine,Shellibeer,dshellibeereg@weibo.com,26037.45
522,Tome,Mansion,tmansioneh@creativecommons.org,50415.56
523,Juliet,Rayburn,jrayburnei@symantec.com,41369.66
524,Ellyn,Raye,erayeej@dmoz.org,86239.87
525,Tybie,Gilligan,tgilliganek@nps.gov,34014.19
526,Adrian,Bessell,abessellel@bluehost.com,93981.71
527,Cassy,Gostridge,cgostridgeem@mapquest.com,13319.4
528,Bob,Poure,bpoureen@php.net,35370.55
529,Brewer,Kelso,bkelsoeo@posterous.com,14108.41
530,Jorey,Saunt,jsauntep@globo.com,76259.01
531,Blakelee,Mayward,bmaywardeq@sakura.ne.jp,66601.28
532,Gerda,Pimlott,gpimlotter@123-reg.co.uk,19591.19
533,Fanya,Dimbylow,fdimbylowes@paypal.com,91513.4
534,Cleve,Reade,creadeet@msn.com,46016.42
535,Bertie,Farragher,bfarraghereu@dedecms.com,82304.2
536,Grata,Dimbleby,gdimblebyev@illinois.edu,72380.95
537,Jolee,Honisch,jhonischew@slate.com,36595.33
538,Lazarus,Harston,lharstonex@simplemachines.org,96738.25
539,Lizbeth,Tidball,ltidballey@google.it,12912.04
540,Dorian,Carp,dcarpez@amazonaws.com,80757.84
541,Anestassia,Popeley,apopeleyf0@webnode.com,32558.45
542,Nari,Flewin,nflewinf1@squidoo.com,51018.57
543,Xenos,Habbeshaw,xhabbeshawf2@google.co.jp,20145.95
544,Anneliese,Barthod,abarthodf3@princeton.edu,37635.19
545,Janey,Wenn,jwennf4@printfriendly.com,33112.65
546,Loren,Ableson,lablesonf5@ca.gov,97592.6
547,Jeno,Shakspeare,jshakspearef6@goodreads.com,88419.13
548,Mirabella,Cranna,mcrannaf7@wordpress.org,71455.31
549,Raleigh,Kilduff,rkildufff8@nhs.uk,17349.59
550,Cynde,Sparkes,csparkesf9@gnu.org,57219.15
551,Ira,Skacel,iskacelfa@booking.com,74834.12
552,Barny,Pariso,bparisofb@paypal.com,42327.57
553,Ric,McGerraghty,rmcgerraghtyfc@google.pl,22924.83
554,Staford,Kenney,skenneyfd@ibm.com,84680.08
555,Judi,Tillot,jtillotfe@sciencedaily.com,99512.79
556,Queenie,Beavors,qbeavorsff@ask.com,39537.77
557,Isabelita,Westrip,iwestripfg@intel.com,92808.05
558,Cilka,Duiguid,cduiguidfh@jiathis.com,27908.65
559,Nichol,Yann,nyannfi@chron.com,61823.65
560,Hanan,Laughlan,hlaughlanfj@berkeley.edu,64002.85
561,Melisandra,Inett,minettfk@japanpost.jp,40282.65
562,Nertie,Wickliffe,nwickliffefl@vimeo.com,66081.1
563,Bonny,Benson,bbensonfm@berkeley.edu,12289.34
564,Eberto,Lehrian,elehrianfn@eventbrite.com,78312.41
565,Mikel,Brien,mbrienfo@fotki.com,24687.76
566,Aloysius,Bernardez,abernardezfp@microsoft.com,68521.52
567,Martita,Burnet,mburnetfq@elpais.com,47908.46
568,Dewitt,Stot,dstotfr@t.co,74886.04
569,Edouard,McFayden,emcfaydenfs@opensource.org,15648.67
570,Ezmeralda,Taggerty,etaggertyft@ustream.tv,61288.34
571,Malanie,Mussett,mmussettfu@yolasite.com,26567.35
572,Howard,Braunter,hbraunterfv@elegantthemes.com,11000.17
573,Bryan,St Pierre,bstpierrefw@webs.com,23912.51
574,Charline,Ridley,cridleyfx@skyrock.com,38806.32
575,Alli,Larrat,alarratfy@nps.gov,49027.54
576,Filmore,Mitten,fmittenfz@ihg.com,66440.25
577,Kendal,Abramovic,kabramovicg0@princeton.edu,41395.68
578,Zia,Wellan,zwellang1@jigsy.com,36675.54
579,Grannie,Giacoppo,ggiacoppog2@wikimedia.org,12720.37
580,Karalee,Skoate,kskoateg3@fastcompany.com,80025.28
581,Kore,Emer,kemerg4@pagesperso-orange.fr,85552.36
582,Margarethe,Evensden,mevensdeng5@shareasale.com,64450.81
583,Anabal,Grelik,agrelikg6@census.gov,10114.11
584,Aurlie,Abson,aabsong7@kickstarter.com,54181.92
585,Noami,Jizhaki,njizhakig8@hud.gov,82249.23
586,Arman,Mazzei,amazzeig9@yellowpages.com,36127.25
587,Jo ann,Roddell,jroddellga@prlog.org,68097.91
588,Cari,Beaven,cbeavengb@spotify.com,62142.88
589,Ricky,Fricker,rfrickergc@goodreads.com,36830.43
590,Orbadiah,Baugh,obaughgd@indiatimes.com,14414.56
591,Karly,Hallsworth,khallsworthge@guardian.co.uk,14280.43
592,Mariellen,Harriman,mharrimangf@networksolutions.com,24652.48
593,Moshe,Birdsey,mbirdseygg@cocolog-nifty.com,18991.16
594,Melessa,Coye,mcoyegh@dot.gov,82732.24
595,Minnaminnie,O'Connor,moconnorgi@house.gov,41037.61
596,Camila,Sokell,csokellgj@photobucket.com,62827.56
597,Sax,McKeag,smckeaggk@cam.ac.uk,68061.46
598,Cammi,Simyson,csimysongl@youku.com,42371.12
599,Ashton,Adney,aadneygm@ezinearticles.com,76820.24
600,Jewelle,Lehrmann,jlehrmanngn@shop-pro.jp,77458.7
601,Marijn,Girk,mgirkgo@edublogs.org,29971.29
602,Salomi,Woodson,swoodsongp@geocities.jp,56590.5
603,Babette,Twinborne,btwinbornegq@homestead.com,62889.41
604,Katleen,O'Carrol,kocarrolgr@cpanel.net,29311.45
605,Effie,Smallthwaite,esmallthwaitegs@storify.com,95661.13
606,Konstantin,Klimkin,kklimkingt@sitemeter.com,63758.67
607,Archibaldo,MacAskie,amacaskiegu@google.com,71550.54
608,Tedi,Dinnington,tdinningtongv@indiegogo.com,34407.82
609,Felicdad,Ogborne,fogbornegw@amazon.com,18783.1
610,Terry,Berrygun,tberrygungx@skyrock.com,34179.96
611,Carlyn,Guihen,cguihengy@storify.com,62603.65
612,Cyril,Tomkinson,ctomkinsongz@nyu.edu,33693.61
613,Harriet,Rosenfelder,hrosenfelderh0@goo.gl,94980.01
614,Amargo,Cope,acopeh1@ucoz.com,67269.52
615,Stanislaus,Mendoza,smendozah2@slideshare.net,97489.83
616,Kasey,Burnhill,kburnhillh3@last.fm,88666.35
617,Tamra,Neligan,tneliganh4@surveymonkey.com,12812.94
618,Aili,Lempel,alempelh5@discuz.net,67292.07
619,Jacques,Foxcroft,jfoxcrofth6@ibm.com,82401.45
620,Giselbert,Barajaz,gbarajazh7@privacy.gov.au,86086.58
621,Bat,Giacobini,bgiacobinih8@linkedin.com,50931.44
622,Joli,Skoggins,jskogginsh9@unicef.org,64648.66
623,Agnese,Spottswood,aspottswoodha@ebay.co.uk,88827.46
624,Annmarie,Beagrie,abeagriehb@utexas.edu,39379.41
625,Sallie,Michel,smichelhc@acquirethisname.com,11293.05
626,Cherish,Kaveney,ckaveneyhd@creativecommons.org,30525.75
627,Caritta,Dominighi,cdominighihe@nature.com,76677.91
628,Glennis,Poad,gpoadhf@pagesperso-orange.fr,55045.93
629,Chris,Desborough,cdesboroughhg@nasa.gov,41291.65
630,Gil,Sommerville,gsommervillehh@mapy.cz,18350.91
631,Jody,Mertel,jmertelhi@bloglovin.com,84285.68
632,Tony,Moylane,tmoylanehj@sogou.com,87887.65
633,Floris,McCrohon,fmccrohonhk@jugem.jp,62665.97
634,Blanche,Purdey,bpurdeyhl@soup.io,71366.9
635,Kalli,Dundredge,kdundredgehm@sfgate.com,74368.75
636,Juliet,Betun,jbetunhn@diigo.com,18148.56
637,Margaux,Gummory,mgummoryho@whitehouse.gov,32394.13
638,Gilberto,Vannuccini,gvannuccinihp@livejournal.com,96442.2
639,Hillyer,Lytlle,hlytllehq@java.com,74701.95
640,Artie,Spellissy,aspellissyhr@reference.com,22849.35
641,Virgie,Edelman,vedelmanhs@tumblr.com,27736.52
642,Ranna,Ovell,rovellht@pbs.org,83538.3
643,Dallas,Broxup,dbroxuphu@gravatar.com,12493.94
644,Revkah,Stebbings,rstebbingshv@amazon.co.jp,37063.06
645,Derrek,Diglin,ddiglinhw@vk.com,69396.44
646,Bettina,Hexter,bhexterhx@dion.ne.jp,71126.35
647,Arnold,Matskiv,amatskivhy@blogger.com,10753.13
648,Quillan,Allatt,qallatthz@senate.gov,89050.37
649,Bernard,Milleton,bmilletoni0@yellowpages.com,36744.38
650,Edouard,Waghorne,ewaghornei1@europa.eu,80420.02
651,Sean,Medford,smedfordi2@microsoft.com,61660.1
652,Mab,Colam,mcolami3@quantcast.com,24007.17
653,Sunshine,Corsar,scorsari4@furl.net,69360.44
654,Lita,Higford,lhigfordi5@drupal.org,93240.74
655,Stormie,Stenner,sstenneri6@g.co,66153.5
656,Loren,Iacopini,liacopinii7@telegraph.co.uk,48295.5
657,Carling,Maciaszczyk,cmaciaszczyki8@jigsy.com,87017.46
658,Indira,Davydychev,idavydychevi9@skyrock.com,17446.65
659,Elsbeth,Thewlis,ethewlisia@indiatimes.com,85067.84
660,Winna,Ferro,wferroib@blog.com,76519.43
661,Paulita,von Hagt,pvonhagtic@posterous.com,16957.9
662,Delainey,Rowbottom,drowbottomid@so-net.ne.jp,83327.39
663,Vivian,Whalebelly,vwhalebellyie@usgs.gov,30231.37
664,Tierney,Orth,torthif@apache.org,31989.47
665,Ingrim,Incogna,iincognaig@irs.gov,15413.56
666,Lorilyn,Clever,lcleverih@webnode.com,77965.59
667,Silvie,Yukhin,syukhinii@abc.net.au,48619.06
668,Brian,Balke,bbalkeij@apple.com,91872.03
669,Renado,Britch,rbritchik@constantcontact.com,71314.92
670,Neda,Titcumb,ntitcumbil@google.fr,48462.35
671,Skylar,Van,svanim@disqus.com,49944.29
672,Danny,Smeal,dsmealin@boston.com,87590.39
673,Ruggiero,Nanson,rnansonio@princeton.edu,83529.67
674,Pavla,O'Riordan,poriordanip@4shared.com,93703.5
675,Merrile,Dilkes,mdilkesiq@bigcartel.com,98403.86
676,Moritz,Whistance,mwhistanceir@xing.com,62741.94
677,Olivia,Delos,odelosis@cnn.com,94519.37
678,Clio,Connold,cconnoldit@bing.com,97891.93
679,Robers,Hannabus,rhannabusiu@tumblr.com,75666.84
680,Jodee,Rapper,jrapperiv@globo.com,36569.48
681,Davida,Troucher,dtroucheriw@nhs.uk,10845.0
682,Robinett,Gilhoolie,rgilhoolieix@liveinternet.ru,91721.3
683,Etta,Grayson,egraysoniy@nsw.gov.au,12247.15
684,Nari,Kynvin,nkynviniz@youtu.be,80091.26
685,Jerrine,Norman,jnormanj0@redcross.org,53962.68
686,Sallee,Halls,shallsj1@printfriendly.com,79734.64
687,Faustina,Ebden,febdenj2@irs.gov,48475.31
688,Hercule,Garett,hgarettj3@springer.com,76299.13
689,Findley,Galsworthy,fgalsworthyj4@yandex.ru,10658.01
690,Tana,Yurasov,tyurasovj5@alexa.com,96889.71
691,Rubia,Pyson,rpysonj6@macromedia.com,76244.88
692,Andrej,Bembridge,abembridgej7@ihg.com,23854.62
693,Zak,Wilstead,zwilsteadj8@stumbleupon.com,74227.11
694,Bobbie,Fellowes,bfellowesj9@opensource.org,48292.59
695,Perkin,Gookey,pgookeyja@cisco.com,92753.88
696,Sondra,Backe,sbackejb@cafepress.com,14146.56
697,Marita,McMenamin,mmcmenaminjc@twitter.com,12360.08
698,Ralph,Edlyne,redlynejd@goo.ne.jp,26964.61
699,Johannah,Leasor,jleasorje@linkedin.com,83344.49
700,Nikaniki,Boyton,nboytonjf@constantcontact.com,31598.04
701,Levi,Garner,lgarnerjg@networkadvertising.org,19507.57
702,Thor,Gumery,tgumeryjh@usnews.com,80700.71
703,Emilee,Matterson,emattersonji@seesaa.net,83552.16
704,Gayleen,Heal,ghealjj@ask.com,94800.12
705,Wildon,Shyre,wshyrejk@nifty.com,76310.88
706,Betteanne,Spacey,bspaceyjl@nsw.gov.au,39889.25
707,Josephina,Karlsson,jkarlssonjm@nih.gov,11042.04
708,Ulysses,Bartolommeo,ubartolommeojn@about.com,45830.27
709,Diego,Glasheen,dglasheenjo@comsenz.com,65843.97
710,Kati,Clackers,kclackersjp@wired.com,83445.93
711,Taylor,Krienke,tkrienkejq@vkontakte.ru,74906.56
712,Felicia,Blampied,fblampiedjr@ucoz.ru,87113.21
713,Tilly,Jedrzaszkiewicz,tjedrzaszkiewiczjs@reuters.com,61715.47
714,Anatola,Ilewicz,ailewiczjt@businesswire.com,15164.3
715,Bram,Margeram,bmargeramju@google.es,34561.49
716,Olia,Cradey,ocradeyjv@skyrock.com,26817.61
717,Muire,Boutcher,mboutcherjw@wordpress.com,41509.04
718,Ammamaria,Kinton,akintonjx@businessinsider.com,74461.77
719,Francoise,Jannaway,fjannawayjy@cpanel.net,78920.07
720,Nariko,De Vaan,ndevaanjz@sitemeter.com,92120.63
721,Cointon,Derisley,cderisleyk0@posterous.com,60997.79
722,Sallyann,Cassedy,scassedyk1@google.com.au,17066.2
723,Pen,Gonnely,pgonnelyk2@smugmug.com,56175.42
724,Giovanni,Hustler,ghustlerk3@usatoday.com,35845.18
725,Felix,Pellington,fpellingtonk4@usda.gov,84688.47
726,Ty,Robins,trobinsk5@unblog.fr,65538.05
727,Brianne,Millar,bmillark6@51.la,86167.82
728,Gardiner,Eton,getonk7@wunderground.com,16723.05
729,Wolfgang,Goering,wgoeringk8@amazonaws.com,10126.66
730,Chickie,Cossell,ccossellk9@blogtalkradio.com,36938.57
731,Milicent,Phittiplace,mphittiplaceka@cloudflare.com,70364.23
732,Katuscha,Grolle,kgrollekb@taobao.com,49051.09
733,Yardley,Yakubov,yyakubovkc@si.edu,27910.87
734,Giulio,Hoyer,ghoyerkd@dedecms.com,14710.94
735,Ddene,Castana,dcastanake@answers.com,17401.15
736,Kenn,Chasmoor,kchasmoorkf@sourceforge.net,27127.04
737,Marney,Ballantine,mballantinekg@pcworld.com,24178.78
738,Jere,Cadlock,jcadlockkh@ovh.net,14993.34
739,Maryann,Westlake,mwestlakeki@discovery.com,70051.48
740,Gena,Criple,gcriplekj@pinterest.com,58085.72
741,Gilbertina,Greengrass,ggreengrasskk@topsy.com,73405.89
742,Natka,Dorsey,ndorseykl@booking.com,42184.82
743,Alaine,Longlands,alonglandskm@prweb.com,88795.2
744,Arlena,Clouter,aclouterkn@ow.ly,84413.22
745,Lynnelle,Rentilll,lrentilllko@tumblr.com,81831.67
746,Lennard,Manie,lmaniekp@noaa.gov,47306.72
747,Corrinne,Applegate,capplegatekq@berkeley.edu,58727.13
748,Adaline,Langan,alangankr@edublogs.org,76538.97
749,Codie,Surmeyer,csurmeyerks@purevolume.com,69603.77
750,Onofredo,Piff,opiffkt@cargocollective.com,44126.8
751,Demeter,Dedon,ddedonku@tumblr.com,54976.29
752,Tressa,Ponter,tponterkv@mlb.com,38309.36
753,Nerti,Van Cassel,nvancasselkw@illinois.edu,66035.88
754,Sauncho,Cahani,scahanikx@timesonline.co.uk,60496.32
755,Cassie,L'Hommee,clhommeeky@de.vu,63642.5
756,Friedrick,Ribchester,fribchesterkz@npr.org,10032.65
757,Dieter,Quinnelly,dquinnellyl0@google.cn,51182.0
758,Trevar,Caselli,tcasellil1@sogou.com,98294.65
759,Svend,Hakeworth,shakeworthl2@prnewswire.com,28982.94
760,Catherin,Conahy,cconahyl3@amazon.co.uk,90756.55
761,Pace,Rolstone,prolstonel4@altervista.org,80832.27
762,Olimpia,Fewlass,ofewlassl5@eventbrite.com,23711.43
763,Jess,Jerke,jjerkel6@elegantthemes.com,62573.51
764,Sheffie,Povall,spovalll7@timesonline.co.uk,37725.1
765,Dody,Venard,dvenardl8@amazonaws.com,65153.01
766,Jackie,Coneau,jconeaul9@bluehost.com,32631.46
767,Conant,Maken,cmakenla@jalbum.net,64159.86
768,Catarina,Zamorano,czamoranolb@bizjournals.com,57313.25
769,Keriann,Kunkler,kkunklerlc@prnewswire.com,46688.08
770,Wolfy,Cruz,wcruzld@sciencedaily.com,23786.92
771,Alessandro,Lammas,alammasle@ed.gov,82827.83
772,Rockwell,Sabbins,rsabbinslf@tinypic.com,21278.33
773,Adlai,Knyvett,aknyvettlg@blogger.com,40114.54
774,Hyacinthe,Dixey,hdixeylh@google.fr,25159.15
775,Millicent,Gladyer,mgladyerli@chron.com,13172.71
776,Free,Hudless,fhudlesslj@arstechnica.com,49192.64
777,Bertie,Riddiough,briddioughlk@tripod.com,53305.5
778,Eugenius,Timms,etimmsll@tinypic.com,36428.56
779,Cherilynn,Jonin,cjoninlm@sfgate.com,68644.17
780,Christophe,Paridge,cparidgeln@artisteer.com,25839.49
781,Jacquenette,Gilburt,jgilburtlo@unc.edu,22368.32
782,Lurlene,Taylor,ltaylorlp@behance.net,66335.61
783,Axel,Message,amessagelq@java.com,33279.15
784,Niki,Tinghill,ntinghilllr@umich.edu,29568.83
785,Mariann,Beverstock,mbeverstockls@privacy.gov.au,25688.72
786,Gwendolen,McAlarney,gmcalarneylt@umn.edu,83200.98
787,Calvin,Petican,cpeticanlu@cafepress.com,24948.88
788,Ilysa,Gallyon,igallyonlv@technorati.com,42011.87
789,Pennie,Culter,pculterlw@nasa.gov,76498.81
790,Birgitta,Deluce,bdelucelx@rakuten.co.jp,82774.74
791,Eveleen,Argo,eargoly@hugedomains.com,71637.71
792,Georgine,Le Count,glecountlz@cnn.com,81407.43
793,Gabey,Meddows,gmeddowsm0@walmart.com,64508.24
794,Granny,Klousner,gklousnerm1@spotify.com,31152.21
795,Legra,Cordero,lcorderom2@simplemachines.org,47492.02
796,Alanson,Eastlake,aeastlakem3@alibaba.com,86073.32
797,Neill,Ruffy,nruffym4@hostgator.com,35985.82
798,Jolie,Fairhall,jfairhallm5@sogou.com,62319.11
799,Sherline,Shedden,ssheddenm6@ycombinator.com,23869.89
800,Dorine,Batten,dbattenm7@oakley.com,77720.08
801,Mohammed,Willford,mwillfordm8@scribd.com,83957.42
802,Pierce,Boat,pboatm9@rediff.com,20837.91
803,Alexi,Pridmore,apridmorema@wikia.com,52817.87
804,Basile,Romaint,bromaintmb@umich.edu,41770.1
805,Isaiah,Howgate,ihowgatemc@zimbio.com,73160.55
806,Joane,Le Brum,jlebrummd@thetimes.co.uk,61828.85
807,Eamon,Story,estoryme@yolasite.com,75576.28
808,Nan,Wreakes,nwreakesmf@discovery.com,65036.84
809,Suzanne,Franzen,sfranzenmg@etsy.com,41143.52
810,Michaela,Tett,mtettmh@craigslist.org,16855.14
811,Cleve,Derges,cdergesmi@networksolutions.com,48504.06
812,Dianemarie,Philipart,dphilipartmj@opera.com,67658.13
813,Binky,Giraudy,bgiraudymk@trellian.com,82539.98
814,Sophia,Goodier,sgoodierml@godaddy.com,37883.15
815,Dulcea,Soffe,dsoffemm@issuu.com,81797.7
816,Cullen,McCahey,cmccaheymn@studiopress.com,81250.25
817,Davida,Thomazet,dthomazetmo@squarespace.com,20029.66
818,Gilberte,Betton,gbettonmp@cnn.com,26518.84
819,Gisela,Chavez,gchavezmq@people.com.cn,76913.37
820,Ervin,Arnauduc,earnauducmr@wsj.com,88747.52
821,Terra,Berrington,tberringtonms@ning.com,73009.57
822,Rycca,Fabbri,rfabbrimt@joomla.org,36379.73
823,Amitie,Camacke,acamackemu@epa.gov,31751.95
824,Engelbert,Oda,eodamv@umn.edu,18608.63
825,Calypso,Jewers,cjewersmw@mit.edu,92079.19
826,Regine,Duberry,rduberrymx@chicagotribune.com,27921.81
827,Lenette,Falloon,lfalloonmy@facebook.com,57961.74
828,Tomkin,Charte,tchartemz@economist.com,30585.52
829,Regan,Dann,rdannn0@yale.edu,85081.27
830,Nisse,Stubbin,nstubbinn1@npr.org,28156.51
831,Hedwig,Cardillo,hcardillon2@archive.org,86275.87
832,Elonore,Ludwikiewicz,eludwikiewiczn3@w3.org,41799.03
833,Joachim,Cleft,jcleftn4@seesaa.net,91025.14
834,Evvie,Worrell,eworrelln5@mysql.com,43271.08
835,Kessiah,Denholm,kdenholmn6@creativecommons.org,84999.41
836,Tamarah,Seres,tseresn7@seesaa.net,47480.63
837,Constancia,Hewkin,chewkinn8@360.cn,23045.1
838,Flinn,Bertram,fbertramn9@toplist.cz,65274.55
839,Florina,Maulin,fmaulinna@time.com,64321.68
840,Kikelia,Paybody,kpaybodynb@wordpress.com,69680.18
841,Cherice,Yarrall,cyarrallnc@webs.com,33358.79
842,Cherlyn,Plumridege,cplumridegend@slate.com,43276.97
843,Regine,Withrington,rwithringtonne@wikipedia.org,43910.61
844,Kakalina,Royan,kroyannf@wikipedia.org,99332.09
845,Terra,Brafferton,tbraffertonng@virginia.edu,59720.31
846,Mamie,Jopp,mjoppnh@ed.gov,30790.63
847,Michelina,Burchett,mburchettni@blinklist.com,22141.17
848,Petra,Soames,psoamesnj@arizona.edu,15622.19
849,Carmel,Joskowitz,cjoskowitznk@skyrock.com,25449.66
850,Lindy,Stodit,lstoditnl@wufoo.com,81052.2
851,Vitoria,Hessing,vhessingnm@slashdot.org,47596.65
852,Rosanna,Rumsey,rrumseynn@arizona.edu,71182.08
853,Adolphus,Ogger,aoggerno@ebay.co.uk,35312.59
854,Jeniece,MacCardle,jmaccardlenp@mit.edu,89210.61
855,Lind,Halse,lhalsenq@slashdot.org,11541.24
856,Huey,Loftie,hloftienr@disqus.com,27459.79
857,Sharla,Wilacot,swilacotns@wired.com,17057.04
858,Morris,Fender,mfendernt@bing.com,84133.6
859,Bary,Spurge,bspurgenu@pagesperso-orange.fr,37450.66
860,Richardo,Physic,rphysicnv@imdb.com,95780.53
861,Arlyn,Perch,aperchnw@usda.gov,75198.67
862,Myranda,Beebe,mbeebenx@cmu.edu,31241.64
863,Diana,Christescu,dchristescuny@ebay.co.uk,88256.68
864,Oona,Coleborn,ocolebornnz@theglobeandmail.com,25431.27
865,Collin,Mityakov,cmityakovo0@zimbio.com,57775.71
866,Gianina,Bonus,gbonuso1@dot.gov,79789.26
867,Codee,Powrie,cpowrieo2@constantcontact.com,48830.84
868,Rod,Poulsen,rpoulseno3@indiatimes.com,98570.54
869,Corene,Lisamore,clisamoreo4@sakura.ne.jp,43491.36
870,Carmelina,Face,cfaceo5@dell.com,57072.98
871,Melisande,Waterhowse,mwaterhowseo6@sogou.com,22080.69
872,Selene,Huthart,shutharto7@unicef.org,77138.08
873,Helen,Meir,hmeiro8@fda.gov,71469.54
874,Issy,Hallahan,ihallahano9@blinklist.com,29914.62
875,Dorey,Chastel,dchasteloa@google.de,74137.17
876,Wright,Halgarth,whalgarthob@accuweather.com,84334.94
877,Rachele,Nozzolinii,rnozzoliniioc@techcrunch.com,74595.66
878,Damian,Welton,dweltonod@irs.gov,43212.2
879,Howard,Wreakes,hwreakesoe@symantec.com,31650.68
880,Kahaleel,Magrane,kmagraneof@cisco.com,88865.51
881,Page,Rakestraw,prakestrawog@bigcartel.com,65845.16
882,Pollyanna,Hoggetts,phoggettsoh@shutterfly.com,84154.56
883,Tomlin,Zini,tzinioi@dot.gov,97473.78
884,Siffre,Edscer,sedsceroj@jugem.jp,83088.77
885,Dagmar,Woosnam,dwoosnamok@stanford.edu,84337.81
886,Lyndell,Janoch,ljanochol@e-recht24.de,27659.98
887,Isidora,Dahill,idahillom@opera.com,37670.18
888,Mandy,Grissett,mgrissetton@senate.gov,10832.14
889,Dalila,Bahde,dbahdeoo@loc.gov,12777.95
890,Jenica,Lunny,jlunnyop@list-manage.com,69559.49
891,Noe,Paniman,npanimanoq@vk.com,24563.66
892,Vaclav,Jewell,vjewellor@weebly.com,95022.17
893,Margarete,Habbershon,mhabbershonos@ibm.com,80703.91
894,Penelopa,Sharrocks,psharrocksot@bloglines.com,62711.31
895,Maximo,Wickliffe,mwickliffeou@reverbnation.com,25919.31
896,Riobard,Mowson,rmowsonov@quantcast.com,70328.87
897,Noam,Jeppe,njeppeow@army.mil,49521.46
898,Abran,Routledge,aroutledgeox@ed.gov,70633.39
899,Iosep,Kuhlmey,ikuhlmeyoy@seattletimes.com,76995.25
900,Sayre,Beadnell,sbeadnelloz@instagram.com,98643.19
901,Artemas,Thomazin,athomazinp0@freewebs.com,23514.19
902,Hilary,Marjanski,hmarjanskip1@artisteer.com,23504.22
903,Moira,Jerosch,mjeroschp2@google.fr,32178.26
904,Marley,Prescott,mprescottp3@histats.com,79633.7
905,Almeda,Brundle,abrundlep4@netscape.com,47686.67
906,Davine,Presswell,dpresswellp5@gmpg.org,34967.91
907,Darrelle,Marians,dmariansp6@techcrunch.com,84934.78
908,Austin,Rosenbarg,arosenbargp7@icio.us,88237.04
909,Alika,Swyne,aswynep8@newyorker.com,60998.49
910,Mersey,McKenna,mmckennap9@posterous.com,66879.43
911,Edwina,Brook,ebrookpa@slashdot.org,46685.57
912,Wenona,Schimann,wschimannpb@mysql.com,91497.47
913,Kliment,McGraw,kmcgrawpc@cornell.edu,58212.97
914,Chip,Treacher,ctreacherpd@ft.com,35417.45
915,Rickey,Berrick,rberrickpe@sakura.ne.jp,48749.01
916,Amberly,Neath,aneathpf@pcworld.com,86688.54
917,Read,Moseley,rmoseleypg@t-online.de,88690.3
918,Dianemarie,OIlier,doilierph@unblog.fr,28690.61
919,Reinold,Wanley,rwanleypi@geocities.com,48015.44
920,Binky,Malacrida,bmalacridapj@mit.edu,47929.58
921,Issiah,Hehl,ihehlpk@friendfeed.com,85033.19
922,Ninnette,Baxill,nbaxillpl@mediafire.com,93096.18
923,Ricky,Hawick,rhawickpm@tumblr.com,54366.35
924,Beverlie,Skinley,bskinleypn@dagondesign.com,39140.11
925,Tito,Haspineall,thaspineallpo@scribd.com,17720.28
926,Cherey,Marney,cmarneypp@i2i.jp,29214.3
927,Carmela,Coy,ccoypq@google.ru,37423.25
928,Junia,Attiwill,jattiwillpr@fema.gov,22847.08
929,Sax,Farherty,sfarhertyps@hc360.com,35925.73
930,Thedrick,Skittle,tskittlept@cnet.com,85368.79
931,Margery,Royle,mroylepu@paginegialle.it,50696.83
932,Adair,Betho,abethopv@linkedin.com,23049.88
933,Flore,Schout,fschoutpw@abc.net.au,50612.55
934,Dorothea,Englefield,denglefieldpx@msn.com,66543.4
935,Roosevelt,Barten,rbartenpy@state.tx.us,79962.02
936,Fayette,Lawling,flawlingpz@purevolume.com,59749.59
937,Adam,Veryan,averyanq0@ning.com,76645.62
938,Rhodia,Kirkland,rkirklandq1@walmart.com,84088.23
939,Nathalie,Ledgerton,nledgertonq2@nifty.com,82835.98
940,Kelly,Sivills,ksivillsq3@eventbrite.com,51714.77
941,Glynn,Sloss,gslossq4@google.com.br,58248.88
942,Artemus,Worrill,aworrillq5@reddit.com,46516.4
943,Rheba,Jacmar,rjacmarq6@google.ru,48265.01
944,Stanislaw,Look,slookq7@xing.com,23249.49
945,Gwendolin,Leban,glebanq8@ebay.co.uk,80391.6
946,Abigael,Dancey,adanceyq9@webeden.co.uk,84906.35
947,Trescha,Mowett,tmowettqa@mapy.cz,50555.58
948,Luce,Stone Fewings,lstonefewingsqb@webmd.com,76517.14
949,Ingram,Mower,imowerqc@elegantthemes.com,47667.85
950,Helaina,Westmerland,hwestmerlandqd@europa.eu,99194.41
951,Bernelle,Sisselot,bsisselotqe@mapy.cz,12891.89
952,Sharona,Tybalt,stybaltqf@mapquest.com,47105.1
953,Innis,Paxman,ipaxmanqg@zdnet.com,31491.39
954,Dudley,Studart,dstudartqh@wiley.com,54536.68
955,Arley,Kuhnert,akuhnertqi@wikia.com,55187.65
956,Eyde,Yarrell,eyarrellqj@miitbeian.gov.cn,71356.98
957,Sabrina,Slaney,sslaneyqk@netvibes.com,39106.45
958,Silvain,Figure,sfigureql@amazon.co.jp,58975.75
959,Angelo,Fice,aficeqm@xrea.com,36577.39
960,Marjie,Feedome,mfeedomeqn@sciencedaily.com,91920.25
961,Sayre,MacMurray,smacmurrayqo@shop-pro.jp,49940.71
962,Bo,Whitmell,bwhitmellqp@topsy.com,79563.96
963,Jody,Leathard,jleathardqq@msu.edu,29180.6
964,Grover,Franseco,gfransecoqr@webs.com,59612.29
965,Sondra,De Lorenzo,sdelorenzoqs@free.fr,53141.38
966,Demetria,Cuthbert,dcuthbertqt@huffingtonpost.com,75353.64
967,Cesare,Sell,csellqu@arizona.edu,22288.91
968,Clywd,Burgoin,cburgoinqv@wp.com,10637.32
969,Fara,Toxell,ftoxellqw@smh.com.au,60430.02
970,Dorey,Dregan,ddreganqx@dell.com,72343.26
971,Arliene,Rennock,arennockqy@weather.com,53318.27
972,Valina,Colleer,vcolleerqz@gravatar.com,19118.08
973,Morten,De Blasi,mdeblasir0@nasa.gov,67046.02
974,Knox,Rosnau,krosnaur1@yandex.ru,89996.37
975,Laryssa,Mapples,lmapplesr2@zdnet.com,32410.71
976,Pedro,Tupling,ptuplingr3@salon.com,12394.52
977,Cordey,McCumesky,cmccumeskyr4@naver.com,90790.23
978,Darci,Imos,dimosr5@newyorker.com,92548.45
979,Noellyn,Kimber,nkimberr6@domainmarket.com,30937.77
980,Alexandrina,Willgoose,awillgooser7@github.io,60268.7
981,Wynn,Cromer,wcromerr8@msn.com,85791.3
982,Sunshine,Borwick,sborwickr9@utexas.edu,36464.1
983,Tyrus,Neeves,tneevesra@cocolog-nifty.com,78845.68
984,Giavani,Ferro,gferrorb@bandcamp.com,39120.27
985,Prisca,Romagnosi,promagnosirc@ft.com,62976.69
986,Ericha,Petrusch,epetruschrd@nymag.com,82597.22
987,Aurelea,Face,afacere@ihg.com,39219.76
988,Bartolomeo,Willox,bwilloxrf@wikispaces.com,34344.7
989,Steffane,Willshee,swillsheerg@php.net,14825.83
990,Anastasie,Bartod,abartodrh@sphinn.com,26838.84
991,Annemarie,Huckle,ahuckleri@va.gov,71761.32
992,Nat,Carwithen,ncarwithenrj@imageshack.us,51602.84
993,Eada,Tether,etetherrk@dailymail.co.uk,90832.09
994,Goldie,Merrall,gmerrallrl@liveinternet.ru,45504.65
995,Hammad,Nussgen,hnussgenrm@harvard.edu,98758.79
996,Koenraad,Crocumbe,kcrocumbern@cornell.edu,16684.95
997,Regina,Pinks,rpinksro@shareasale.com,62194.0
998,Tab,Lafond,tlafondrp@imgur.com,71750.88
999,Daniella,Cuel,dcuelrq@psu.edu,25450.21
1000,Corey,Jiroutka,cjiroutkarr@artisteer.com,35678.99
