id,first_name,last_name,email,salary
1,Gayel,Diss,gdiss0@google.ru,40453.61
2,Aluino,Bickmore,abickmore1@ebay.co.uk,45304.25
3,Nerte,McBayne,nmcbayne2@about.me,80509.75
4,Nathanil,Janjic,njanjic3@unblog.fr,78471.07
5,Vivian,Bengall,vbengall4@infoseek.co.jp,56607.54
6,Clevey,Stansbury,cstansbury5@comsenz.com,44595.87
7,Tootsie,Pickard,tpickard6@unc.edu,55687.5
8,Enrique,Moss,emoss7@blog.com,23216.26
9,Delilah,Slowly,dslowly8@hexun.com,54424.32
10,Corey,Pattini,cpattini9@ifeng.com,52285.88
11,Lanae,Monk,lmonka@tinypic.com,73089.54
12,Trix,Sweeney,tsweeneyb@skype.com,52972.81
13,Alaric,Beeken,abeekenc@seesaa.net,86323.36
14,Pepe,Haslehurst,phaslehurstd@usgs.gov,54883.6
15,Pierce,Livsey,plivseye@qq.com,47350.01
16,Kristen,Oleszkiewicz,koleszkiewiczf@amazon.com,35110.82
17,Jemie,Ashfield,jashfieldg@acquirethisname.com,68829.55
18,Franciska,Bartozzi,fbartozzih@who.int,66125.71
19,Pattie,Schuricht,pschurichti@accuweather.com,42950.73
20,Bridget,Quilligan,bquilliganj@buzzfeed.com,10882.36
21,Dannel,Grinyakin,dgrinyakink@flavors.me,15448.48
22,Katusha,Drinnan,kdrinnanl@epa.gov,37479.93
23,Reube,Bawcock,rbawcockm@friendfeed.com,68753.91
24,Harcourt,Blenkiron,hblenkironn@huffingtonpost.com,82352.27
25,Dianemarie,Guyot,dguyoto@51.la,84898.42
26,Hal,O' Mullan,homullanp@odnoklassniki.ru,48018.68
27,Logan,Clutheram,lclutheramq@europa.eu,69925.88
28,Maren,Reinger,mreingerr@deliciousdays.com,18669.78
29,Malachi,Challice,mchallices@yellowpages.com,80091.07
30,Florance,Vina,fvinat@photobucket.com,51651.01
31,Agneta,Louth,alouthu@xing.com,34077.13
32,Corabel,O'Moylan,comoylanv@fda.gov,14365.67
33,Nance,Feeny,nfeenyw@discuz.net,40433.33
34,Merell,Brunn,mbrunnx@bloglines.com,92274.46
35,Terrance,Sanpere,tsanperey@walmart.com,34976.88
36,Gabriel,Mouatt,gmouattz@fotki.com,15983.52
37,Ludovika,Waterfall,lwaterfall10@flavors.me,38050.56
38,Ermin,Larret,elarret11@pagesperso-orange.fr,26814.09
39,Sukey,Brenston,sbrenston12@foxnews.com,99224.44
40,Ade,Mathison,amathison13@printfriendly.com,16763.28
41,Fransisco,Duthy,fduthy14@cnet.com,31116.52
42,Ingelbert,Samter,isamter15@microsoft.com,72832.98
43,Alfi,Gringley,agringley16@yale.edu,49606.82
44,Selestina,Casillis,scasillis17@people.com.cn,99080.71
45,Linnell,Mager,lmager18@ed.gov,68921.13
46,Lind,Gribbon,lgribbon19@zimbio.com,44818.36
47,Suzi,Brame,sbrame1a@zdnet.com,55504.17
48,Alain,Conrad,aconrad1b@usatoday.com,48701.32
49,Meredith,Spandley,mspandley1c@etsy.com,97529.44
50,Juan,Leffek,jleffek1d@go.com,74431.6
51,Jinny,Janos,jjanos1e@blogger.com,46398.68
52,Belicia,Blees,bblees1f@aboutads.info,91968.79
53,Tally,Tuting,ttuting1g@twitpic.com,99086.8
54,Bron,Bottinelli,bbottinelli1h@oracle.com,82084.31
55,Ardra,Loan,aloan1i@weather.com,32891.31
56,Thomasin,Livermore,tlivermore1j@scribd.com,21222.56
57,Correna,Small,csmall1k@arstechnica.com,35522.55
58,Debbi,Smardon,dsmardon1l@guardian.co.uk,87968.19
59,Caye,Blackburn,cblackburn1m@google.ca,66636.43
60,Haleigh,Jzak,hjzak1n@foxnews.com,22383.88
61,Ferdinanda,Choppin,fchoppin1o@msn.com,28731.24
62,Clare,Earngy,cearngy1p@people.com.cn,79715.08
63,Fergus,Spalton,fspalton1q@samsung.com,30461.41
64,Jeannine,Plowman,jplowman1r@sphinn.com,48357.07
65,Alexandrina,Muehler,amuehler1s@discovery.com,74046.35
66,Ketti,McBryde,kmcbryde1t@youku.com,67686.79
67,Brooke,Whales,bwhales1u@dmoz.org,20964.03
68,Vachel,Fosdick,vfosdick1v@eventbrite.com,30149.36
69,Donnajean,Iveagh,diveagh1w@opera.com,88781.2
70,Harriette,Conibear,hconibear1x@wordpress.org,50428.75
71,Sophie,Sandon,ssandon1y@skype.com,80709.73
72,Bebe,Doorly,bdoorly1z@linkedin.com,95893.21
73,Joanna,Colombier,jcolombier20@list-manage.com,41547.66
74,Cameron,Sulley,csulley21@pcworld.com,15734.62
75,Leeland,Westcot,lwestcot22@pcworld.com,41791.24
76,Odie,Pattini,opattini23@phpbb.com,88902.91
77,Salomo,Orthmann,sorthmann24@spotify.com,81427.38
78,Karyl,Maunsell,kmaunsell25@go.com,56037.97
79,Dorothea,Prattin,dprattin26@nyu.edu,70868.26
80,Rhona,Confort,rconfort27@exblog.jp,78096.35
81,Dell,Fawlks,dfawlks28@exblog.jp,22855.87
82,Sully,Renals,srenals29@nationalgeographic.com,80675.93
83,Freemon,Eade,feade2a@virginia.edu,26516.17
84,Ludovico,Filtness,lfiltness2b@tumblr.com,84940.68
85,Lilla,Adamkiewicz,ladamkiewicz2c@macromedia.com,20430.57
86,Vittoria,Degli Antoni,vdegliantoni2d@howstuffworks.com,63900.99
87,Natty,Avramov,navramov2e@mediafire.com,82072.31
88,Pietra,Kinchin,pkinchin2f@hud.gov,90391.48
89,Dorette,Kornel,dkornel2g@soundcloud.com,24536.83
90,Venita,Corragan,vcorragan2h@marketwatch.com,39501.78
91,Christophorus,Balazot,cbalazot2i@soup.io,66516.8
92,Danita,Rookeby,drookeby2j@miibeian.gov.cn,18140.7
93,Sharai,Cloney,scloney2k@cloudflare.com,87358.58
94,Hugo,Janosevic,hjanosevic2l@bravesites.com,38454.41
95,Lana,Waber,lwaber2m@usatoday.com,88448.94
96,Brandea,Kezourec,bkezourec2n@archive.org,44184.59
97,Mady,Claris,mclaris2o@arizona.edu,39448.66
98,Lee,Wigsell,lwigsell2p@stumbleupon.com,69939.89
99,Tore,Scrymgeour,tscrymgeour2q@statcounter.com,80056.26
100,Linoel,Handrok,lhandrok2r@ucoz.com,34593.19
101,Ephraim,Metts,emetts2s@eventbrite.com,34549.95
102,Wolf,O'Mailey,womailey2t@sciencedaily.com,64865.04
103,Anthe,Hartmann,ahartmann2u@berkeley.edu,44540.27
104,Benyamin,Hustings,bhustings2v@uiuc.edu,48119.02
105,Marna,Tenaunt,mtenaunt2w@uiuc.edu,27914.06
106,Kelsi,Luetkemeyer,kluetkemeyer2x@sourceforge.net,67371.07
107,Marna,McGettrick,mmcgettrick2y@fastcompany.com,87393.68
108,Fonz,Haggus,fhaggus2z@addthis.com,69126.31
109,Chevalier,Rosoni,crosoni30@discuz.net,29314.43
110,Heinrik,Dominelli,hdominelli31@stumbleupon.com,66758.94
111,Crichton,Stump,cstump32@hugedomains.com,16798.25
112,Marcel,Jodlowski,mjodlowski33@bing.com,36327.07
113,Cortie,Cheng,ccheng34@latimes.com,73812.86
114,Ginevra,Cotes,gcotes35@va.gov,15586.04
115,Tadeo,Campanelle,tcampanelle36@photobucket.com,71635.35
116,Arty,Wagon,awagon37@gravatar.com,36965.43
117,Tudor,Kynvin,tkynvin38@auda.org.au,80749.41
118,Ainslee,Northidge,anorthidge39@example.com,63057.2
119,Tobi,Destouche,tdestouche3a@infoseek.co.jp,34344.23
120,Miguelita,Gillespie,mgillespie3b@simplemachines.org,20289.13
121,Dana,Ridpath,dridpath3c@yolasite.com,26812.31
122,Suellen,Steventon,ssteventon3d@netvibes.com,70326.38
123,Guthrie,Mapledoram,gmapledoram3e@abc.net.au,91917.63
124,Jacques,Bosence,jbosence3f@blogger.com,88081.96
125,Leon,Shillito,lshillito3g@ibm.com,40687.54
126,Celene,Clapson,cclapson3h@weather.com,60331.34
127,Denni,Klaessen,dklaessen3i@wisc.edu,16539.27
128,Aylmer,Dillimore,adillimore3j@delicious.com,34297.11
129,Amie,Isles,aisles3k@hp.com,95917.35
130,Anabel,Blouet,ablouet3l@de.vu,57779.49
131,Rodge,Trimnell,rtrimnell3m@livejournal.com,80503.86
132,Lenore,Buney,lbuney3n@mozilla.com,33455.63
133,Kristopher,McHugh,kmchugh3o@liveinternet.ru,72856.83
134,Dulcinea,De Bischof,ddebischof3p@ox.ac.uk,40125.76
135,Clementine,Rubica,crubica3q@intel.com,49332.39
136,Alexander,Batchan,abatchan3r@cafepress.com,94599.99
137,Nickolaus,Alonso,nalonso3s@rakuten.co.jp,39316.87
138,Angus,Glendining,aglendining3t@infoseek.co.jp,41027.48
139,Gertruda,Penas,gpenas3u@is.gd,13074.3
140,Andrey,Vicioso,avicioso3v@deliciousdays.com,14432.23
141,Chad,Marini,cmarini3w@nhs.uk,61960.56
142,Lucina,Giannini,lgiannini3x@ezinearticles.com,71930.6
143,Talya,Colby,tcolby3y@sourceforge.net,42247.75
144,Dick,Fairhead,dfairhead3z@yellowpages.com,12864.04
145,Mathias,Macguire,mmacguire40@twitter.com,12017.12
146,Chan,Sailer,csailer41@seesaa.net,63759.77
147,Byron,Mallalieu,bmallalieu42@va.gov,23142.96
148,Louise,Shattock,lshattock43@europa.eu,87774.36
149,Prentiss,Wallsworth,pwallsworth44@i2i.jp,37440.03
150,Drud,Hellier,dhellier45@jalbum.net,64281.2
151,Kelvin,Liversedge,kliversedge46@behance.net,35638.88
152,Rosabella,Shugg,rshugg47@lycos.com,61923.98
153,Bryna,Rivallant,brivallant48@google.es,51546.3
154,Ida,Blasik,iblasik49@prnewswire.com,23422.36
155,Marguerite,Bugg,mbugg4a@epa.gov,72311.14
156,Lauren,Reinbeck,lreinbeck4b@nifty.com,26231.03
157,Meris,Coombe,mcoombe4c@bigcartel.com,95085.65
158,Massimo,Liversidge,mliversidge4d@hugedomains.com,84282.9
159,Elwyn,D'Aeth,edaeth4e@example.com,36785.4
160,Kelli,Poyser,kpoyser4f@newsvine.com,17924.53
161,Gerianna,MacNeely,gmacneely4g@mashable.com,71109.69
162,Alysa,Quenell,aquenell4h@desdev.cn,37664.55
163,Arnaldo,Hamberston,ahamberston4i@github.com,14014.23
164,Phip,Blundel,pblundel4j@sciencedirect.com,35074.76
165,Sharron,Sherbourne,ssherbourne4k@soundcloud.com,44208.08
166,Joachim,Teissier,jteissier4l@sakura.ne.jp,33678.04
167,Kettie,Maxweell,kmaxweell4m@pinterest.com,88782.72
168,Ivett,Theurer,itheurer4n@nationalgeographic.com,25566.39
169,Marcia,Saket,msaket4o@odnoklassniki.ru,86510.87
170,Rodolphe,Lapham,rlapham4p@go.com,26102.88
171,Kirk,Heaselgrave,kheaselgrave4q@cnn.com,47329.32
172,Niles,Fortey,nfortey4r@discuz.net,25829.44
173,Lemar,Hadwick,lhadwick4s@unc.edu,59083.23
174,Charity,Tackell,ctackell4t@symantec.com,13437.76
175,Carlita,Leney,cleney4u@columbia.edu,54913.71
176,Nixie,Coils,ncoils4v@apple.com,58890.18
177,Teriann,Walkinshaw,twalkinshaw4w@slideshare.net,68701.2
178,Lorry,Gobell,lgobell4x@hc360.com,33582.69
179,Deck,Earngy,dearngy4y@is.gd,33686.6
180,Rosalynd,Bernardelli,rbernardelli4z@google.com.au,22167.56
181,Fletch,Veness,fveness50@wordpress.org,74535.0
182,Boyce,Ahlin,bahlin51@icq.com,95414.78
183,Adda,Mangion,amangion52@sun.com,12286.39
184,Austine,Vieyra,avieyra53@reverbnation.com,20029.78
185,Fredrick,Feaviour,ffeaviour54@deliciousdays.com,60782.19
186,Claybourne,Dagnan,cdagnan55@cbc.ca,25562.59
187,Juana,Longwood,jlongwood56@google.com,28599.07
188,Waylon,Blaes,wblaes57@fema.gov,26756.11
189,Trefor,Palke,tpalke58@un.org,64059.15
190,Danny,Halvosen,dhalvosen59@mozilla.com,13239.01
191,Kimberli,McTrustram,kmctrustram5a@freewebs.com,70017.56
192,Marget,Backshill,mbackshill5b@unc.edu,41849.1
193,Doria,Embury,dembury5c@discuz.net,46519.52
194,Gordy,Harbron,gharbron5d@google.com.br,27906.14
195,Meredeth,Cuttin,mcuttin5e@wired.com,50821.03
196,Tish,Boord,tboord5f@forbes.com,49673.97
197,Giuditta,Jeays,gjeays5g@devhub.com,87066.88
198,Josee,Menham,jmenham5h@blog.com,77458.55
199,Kathe,Gaskell,kgaskell5i@cpanel.net,58703.58
200,Kent,Hupka,khupka5j@mail.ru,89235.96
201,Nikita,Verbeke,nverbeke5k@seesaa.net,56030.1
202,Gwennie,Downton,gdownton5l@indiatimes.com,49473.65
203,Brina,Bispham,bbispham5m@jugem.jp,57359.58
204,Ibrahim,Van Der Straaten,ivanderstraaten5n@gov.uk,48529.49
205,Cammy,Cawthron,ccawthron5o@addthis.com,15557.84
206,Andreas,Molan,amolan5p@soup.io,67635.83
207,Eddy,Yellowlee,eyellowlee5q@ehow.com,37909.2
208,Boris,Galbreath,bgalbreath5r@mac.com,13317.44
209,Sioux,Kitman,skitman5s@plala.or.jp,67768.93
210,Goober,Mallinson,gmallinson5t@dedecms.com,62499.41
211,Felice,Robertacci,frobertacci5u@free.fr,19997.07
212,Flossie,Cowles,fcowles5v@tamu.edu,15109.61
213,Marti,Servante,mservante5w@bloglovin.com,65219.49
214,Marilyn,Bastow,mbastow5x@1und1.de,13978.29
215,Jesselyn,Muddiman,jmuddiman5y@microsoft.com,32440.03
216,Jerry,Tallowin,jtallowin5z@sciencedaily.com,65527.97
217,Fredrika,Gatling,fgatling60@spiegel.de,11296.85
218,Morry,O'Fogerty,mofogerty61@free.fr,66149.39
219,Coretta,Kelemen,ckelemen62@list-manage.com,42288.35
220,Peg,Hargate,phargate63@yellowbook.com,63654.83
221,Jillie,Curedell,jcuredell64@edublogs.org,64811.88
222,Dew,Watt,dwatt65@friendfeed.com,34128.41
223,Ingelbert,Birks,ibirks66@huffingtonpost.com,78853.16
224,Wainwright,MacElane,wmacelane67@icq.com,31878.32
225,Deane,Fibbens,dfibbens68@etsy.com,88816.2
226,Alfonse,Jan,ajan69@so-net.ne.jp,86461.43
227,Ambrosi,Woodman,awoodman6a@google.com,92202.63
228,Brigg,Duffie,bduffie6b@whitehouse.gov,29466.67
229,Jill,O'Lenane,jolenane6c@furl.net,94711.68
230,Holli,Redan,hredan6d@twitter.com,40628.54
231,Alie,Jurries,ajurries6e@dagondesign.com,87276.63
232,Sutherlan,Corriea,scorriea6f@scientificamerican.com,62240.19
233,Kaspar,Lambourne,klambourne6g@delicious.com,61490.12
234,Clarita,Oldacre,coldacre6h@narod.ru,29557.5
235,Roana,Ducarne,rducarne6i@ow.ly,79632.35
236,Grange,Pilkington,gpilkington6j@1und1.de,12976.66
237,Antonie,Westphal,awestphal6k@de.vu,15090.21
238,Noelyn,Bosence,nbosence6l@nps.gov,50867.25
239,Winny,Fardy,wfardy6m@washington.edu,29321.74
240,Serena,Messer,smesser6n@reverbnation.com,61964.84
241,Tammy,Pennetti,tpennetti6o@weather.com,48067.26
242,Sydel,MacNelly,smacnelly6p@jugem.jp,93734.47
243,Erick,Rudsdell,erudsdell6q@virginia.edu,97261.46
244,Fabien,Walmsley,fwalmsley6r@ucoz.com,35163.75
245,Sim,McCaughren,smccaughren6s@virginia.edu,90840.4
246,Ross,Melmeth,rmelmeth6t@blogtalkradio.com,14920.44
247,Leela,Presidey,lpresidey6u@answers.com,98597.28
248,Isadore,Keach,ikeach6v@globo.com,71378.63
249,Fulton,Lockton,flockton6w@spotify.com,37573.13
250,Filide,Edlington,fedlington6x@shareasale.com,13936.13
251,Marnie,Phillippo,mphillippo6y@php.net,41761.83
252,Honoria,Dries,hdries6z@sun.com,25394.64
253,Vally,Cosgrove,vcosgrove70@thetimes.co.uk,98929.25
254,Vance,Suter,vsuter71@unicef.org,87728.93
255,Frasier,Divine,fdivine72@cargocollective.com,41741.3
256,Thomasina,Lutton,tlutton73@quantcast.com,80193.05
257,Agatha,Giorgione,agiorgione74@house.gov,59487.59
258,Kylila,Crowth,kcrowth75@hc360.com,70448.46
259,Nikolia,Yanson,nyanson76@wikipedia.org,96293.93
260,Smitty,Greetland,sgreetland77@wisc.edu,27946.8
261,Pippy,Wynett,pwynett78@huffingtonpost.com,39116.06
262,Hermia,Payze,hpayze79@tinyurl.com,92874.93
263,Cecilia,Bircher,cbircher7a@ustream.tv,67081.98
264,Jocelin,Casazza,jcasazza7b@i2i.jp,52514.86
265,Idaline,Fotheringham,ifotheringham7c@google.co.jp,54099.86
266,Lucia,Ridett,lridett7d@chron.com,47242.04
267,Barbara-anne,McCaughey,bmccaughey7e@ucsd.edu,24965.69
268,Ronalda,Feirn,rfeirn7f@nymag.com,82576.06
269,Zacharias,Clappson,zclappson7g@virginia.edu,75574.54
270,Heather,Destouche,hdestouche7h@hatena.ne.jp,91946.86
271,Caddric,McMillian,cmcmillian7i@geocities.com,59860.88
272,Ivy,Kerwen,ikerwen7j@bizjournals.com,71838.76
273,Buddy,Ollander,bollander7k@yale.edu,49907.17
274,Costa,Haggidon,chaggidon7l@usgs.gov,26659.22
275,Dayle,Fewings,dfewings7m@sbwire.com,14720.26
276,Kayle,Trapp,ktrapp7n@google.co.uk,45116.7
277,Joe,Carloni,jcarloni7o@squidoo.com,72476.75
278,Spence,Coenraets,scoenraets7p@booking.com,55350.78
279,Brent,Southerden,bsoutherden7q@studiopress.com,32934.72
280,Constantina,Pitone,cpitone7r@icio.us,10894.51
281,Cherri,Wenzel,cwenzel7s@ustream.tv,56698.91
282,Thorny,Pranger,tpranger7t@bloomberg.com,23031.04
283,Onida,Cuddy,ocuddy7u@java.com,52690.51
284,Angele,Trundler,atrundler7v@ask.com,27156.78
285,Cherri,Filisov,cfilisov7w@networksolutions.com,52451.51
286,Gerrie,Aries,garies7x@sfgate.com,96240.16
287,Rosie,Senecaut,rsenecaut7y@skyrock.com,91046.4
288,Parker,Lewty,plewty7z@reddit.com,72782.57
289,Adena,Booton,abooton80@yolasite.com,36520.28
290,Eimile,Chesters,echesters81@163.com,44341.58
291,Elianore,Oland,eoland82@ameblo.jp,42544.44
292,Delmor,Fahrenbacher,dfahrenbacher83@ning.com,48269.53
293,Xever,Pickhaver,xpickhaver84@e-recht24.de,97150.85
294,Fabian,McReynolds,fmcreynolds85@imgur.com,72287.43
295,Reed,Eunson,reunson86@toplist.cz,79099.35
296,Salomone,de Verson,sdeverson87@gmpg.org,22751.09
297,Hagan,Malmar,hmalmar88@craigslist.org,70217.26
298,Jolene,Foulsham,jfoulsham89@sun.com,92218.39
299,Cheryl,Haldon,chaldon8a@vk.com,77362.59
300,Janet,Welch,jwelch8b@admin.ch,55724.03
301,Dulciana,Wyeld,dwyeld8c@usda.gov,48087.67
302,Artur,Niece,aniece8d@china.com.cn,54503.29
303,Maurizio,Spawforth,mspawforth8e@hostgator.com,55943.09
304,Elliott,Calfe,ecalfe8f@soundcloud.com,71032.78
305,Vivyan,Kubat,vkubat8g@jimdo.com,63330.35
306,Rodrigo,Issard,rissard8h@oakley.com,86526.84
307,Englebert,Savatier,esavatier8i@seesaa.net,89069.75
308,Tuckie,Schrir,tschrir8j@comcast.net,31546.24
309,Siobhan,Chimenti,schimenti8k@usda.gov,16788.76
310,Jacquenetta,Buzine,jbuzine8l@discovery.com,18573.65
311,Constantia,Beecraft,cbeecraft8m@forbes.com,26993.55
312,Julieta,Witherspoon,jwitherspoon8n@oaic.gov.au,70015.95
313,Judi,Bister,jbister8o@vimeo.com,42442.87
314,Rorke,Shieldon,rshieldon8p@state.gov,51577.92
315,Myrtia,Oseman,moseman8q@constantcontact.com,83048.21
316,Leda,Barkshire,lbarkshire8r@cbc.ca,91479.43
317,Charisse,Klimochkin,cklimochkin8s@plala.or.jp,99596.83
318,Lucais,Cockhill,lcockhill8t@geocities.com,74713.23
319,Margaux,Titlow,mtitlow8u@jiathis.com,60844.39
320,Cynthea,Gerrie,cgerrie8v@youtube.com,21790.74
321,Bibi,Skydall,bskydall8w@php.net,17466.94
322,Nathalie,Hadden,nhadden8x@bizjournals.com,91951.57
323,Sanson,Crammy,scrammy8y@about.me,34261.59
324,Anna-diana,Wheowall,awheowall8z@irs.gov,18442.32
325,Hildagard,Bratt,hbratt90@cyberchimps.com,31322.04
326,Gian,Wellbeloved,gwellbeloved91@nymag.com,53776.09
327,Cornie,Claasen,cclaasen92@netvibes.com,64438.77
328,Hieronymus,Kidwell,hkidwell93@foxnews.com,15385.25
329,Christa,Eykelhof,ceykelhof94@cnet.com,73300.0
330,Perle,Hutsby,phutsby95@edublogs.org,53044.2
331,Orbadiah,Hirschmann,ohirschmann96@sakura.ne.jp,94065.08
332,Thorsten,Bartkowiak,tbartkowiak97@shop-pro.jp,33306.08
333,Vivianna,Sterland,vsterland98@thetimes.co.uk,35656.58
334,Sylvester,Jerrand,sjerrand99@newsvine.com,88227.13
335,Zilvia,Downham,zdownham9a@ocn.ne.jp,81087.1
336,Catherin,Abbys,cabbys9b@sun.com,89033.53
337,Karlotta,Cleyne,kcleyne9c@reddit.com,24406.13
338,Jessamine,Stear,jstear9d@zdnet.com,84460.1
339,Shay,Noot,snoot9e@github.com,54174.62
340,Edwin,Vignaux,evignaux9f@loc.gov,65396.78
341,Cosette,Guerry,cguerry9g@digg.com,13430.88
342,Lindsey,Yezafovich,lyezafovich9h@e-recht24.de,89634.57
343,Carver,Cluderay,ccluderay9i@unesco.org,82249.8
344,Faye,Reinhardt,freinhardt9j@deviantart.com,39677.64
345,Ludwig,Lapslie,llapslie9k@marketwatch.com,44896.61
346,Rubina,Shaudfurth,rshaudfurth9l@1688.com,60613.05
347,Mareah,Northage,mnorthage9m@bandcamp.com,94659.51
348,Honor,Vernalls,hvernalls9n@ucoz.ru,70571.27
349,Efren,Rebanks,erebanks9o@wix.com,34764.21
350,Shayna,Couchman,scouchman9p@theatlantic.com,32638.9
351,Natale,Draper,ndraper9q@wisc.edu,15566.66
352,Milo,Hedney,mhedney9r@amazon.co.jp,17037.87
353,Janina,Koppen,jkoppen9s@tinypic.com,44371.63
354,Flin,Renfree,frenfree9t@cnn.com,97531.8
355,Ossie,Hrinchenko,ohrinchenko9u@ibm.com,22952.25
356,Rici,Pooly,rpooly9v@51.la,70080.42
357,Kordula,Hazeman,khazeman9w@google.ru,35451.91
358,Jephthah,Aylward,jaylward9x@alibaba.com,91487.65
359,Gauthier,Maypes,gmaypes9y@gov.uk,66959.73
360,Erena,Tozer,etozer9z@ucla.edu,36241.69
361,Rey,Murie,rmuriea0@smh.com.au,57209.99
362,Fidela,MacCleod,fmaccleoda1@fc2.com,45652.32
363,Hubey,Dimmack,hdimmacka2@diigo.com,21941.5
364,Udell,Willey,uwilleya3@kickstarter.com,31577.96
365,Calli,Karlolczak,ckarlolczaka4@cdbaby.com,14664.99
366,Wilfrid,Anney,wanneya5@scientificamerican.com,88548.16
367,Tymon,Espinos,tespinosa6@homestead.com,91686.1
368,Elise,Copnar,ecopnara7@webmd.com,37727.38
369,Gwennie,Bedbrough,gbedbrougha8@imgur.com,92427.84
370,Carolyne,Jedrzejczak,cjedrzejczaka9@youtube.com,96736.25
371,Rosalyn,Gagen,rgagenaa@go.com,17517.63
372,Ailsun,Dalglish,adalglishab@alibaba.com,62223.71
373,Aaren,Sheppard,asheppardac@epa.gov,10535.57
374,Hans,Ebi,hebiad@123-reg.co.uk,73840.79
375,Sax,Buye,sbuyeae@symantec.com,30074.58
376,Cherry,Bottoner,cbottoneraf@networksolutions.com,68428.38
377,Hardy,Yendle,hyendleag@hao123.com,73037.3
378,Viola,Goldsbrough,vgoldsbroughah@blog.com,39504.83
379,Angie,Papaccio,apapaccioai@xing.com,72906.21
380,Maxwell,Krzyzaniak,mkrzyzaniakaj@meetup.com,13591.3
381,Cheryl,Iglesias,ciglesiasak@baidu.com,58872.25
382,Lenora,Jessep,ljessepal@ow.ly,10821.65
383,Carol,Liley,clileyam@ifeng.com,26432.03
384,Ivar,Epton,ieptonan@twitter.com,81696.38
385,Malchy,A'Barrow,mabarrowao@washingtonpost.com,53978.47
386,Welby,Yurkevich,wyurkevichap@mayoclinic.com,48764.61
387,Mitch,Hugnet,mhugnetaq@nih.gov,93441.76
388,Judye,Georgeou,jgeorgeouar@cdbaby.com,88379.45
389,Kalindi,Biskupiak,kbiskupiakas@reddit.com,91525.88
390,Rosmunda,Tompkiss,rtompkissat@fda.gov,34787.13
391,James,Caustic,jcausticau@sbwire.com,21892.44
392,Sherwynd,Stedmond,sstedmondav@linkedin.com,38983.89
393,Phillis,Matz,pmatzaw@alibaba.com,63898.75
394,Mead,Maplethorp,mmaplethorpax@google.com,97535.19
395,Vere,Jouhandeau,vjouhandeauay@xrea.com,42279.46
396,Titus,Menichini,tmenichiniaz@sakura.ne.jp,85828.93
397,Eli,Gynni,egynnib0@rediff.com,62680.86
398,Nicholas,Blazewski,nblazewskib1@simplemachines.org,49250.3
399,Ashlan,Westbrook,awestbrookb2@npr.org,53403.67
400,Con,Snead,csneadb3@yelp.com,21605.65
401,Alanah,Swepson,aswepsonb4@etsy.com,34751.55
402,Nikkie,Seres,nseresb5@imageshack.us,42476.18
403,Stevie,Rowan,srowanb6@sciencedirect.com,96892.14
404,Nonna,Odell,nodellb7@jigsy.com,47171.66
405,Angel,Gammons,agammonsb8@marriott.com,68558.66
406,Ethan,Michie,emichieb9@ft.com,75818.12
407,Cordula,Ashbey,cashbeyba@amazon.co.uk,40421.07
408,Clevie,Wiggans,cwiggansbb@senate.gov,21988.51
409,Yettie,Rowet,yrowetbc@ucla.edu,23091.12
410,Fifi,Borgne,fborgnebd@vkontakte.ru,54652.49
411,Callean,Kesten,ckestenbe@wired.com,47570.55
412,Cornela,Schnieder,cschniederbf@tripod.com,73665.21
413,Fabian,Shatliffe,fshatliffebg@reference.com,25210.59
414,Lynne,Clemon,lclemonbh@discuz.net,55738.67
415,Eyde,Wem,ewembi@skyrock.com,37080.52
416,Emogene,Stennett,estennettbj@fda.gov,74647.36
417,Margaretha,Valeri,mvaleribk@mozilla.org,69729.46
418,Bourke,Loker,blokerbl@soup.io,84121.84
419,Fay,Shakspeare,fshakspearebm@cafepress.com,76659.02
420,Ezekiel,Lowing,elowingbn@aboutads.info,81415.19
421,Didi,Pau,dpaubo@si.edu,43800.92
422,Burty,Cosgriff,bcosgriffbp@about.com,23673.67
423,Ossie,Clyant,oclyantbq@disqus.com,16410.37
424,Fionna,Fidele,ffidelebr@cdc.gov,58710.05
425,Pepi,Glentworth,pglentworthbs@drupal.org,53215.35
426,Jillian,Flintoff,jflintoffbt@blogger.com,66001.58
427,Sydney,North,snorthbu@ocn.ne.jp,21503.05
428,Janka,Halbord,jhalbordbv@macromedia.com,30217.76
429,Mellisa,Olerenshaw,molerenshawbw@phpbb.com,90633.06
430,Abbi,De Caroli,adecarolibx@a8.net,18805.19
431,Cammy,Kemet,ckemetby@google.com,98453.54
432,Codi,Conerding,cconerdingbz@google.co.jp,50622.56
433,Madlin,Plaschke,mplaschkec0@reuters.com,83702.81
434,Jewel,Russam,jrussamc1@woothemes.com,89512.67
435,Nahum,Springer,nspringerc2@cdbaby.com,70152.95
436,Marina,McAreavey,mmcareaveyc3@sitemeter.com,90476.91
437,Matthus,Ogborn,mogbornc4@economist.com,87209.44
438,Shelia,Chartres,schartresc5@spotify.com,88921.74
439,Stanton,Youster,syousterc6@reuters.com,11321.92
440,Reidar,Tolussi,rtolussic7@youtu.be,45895.43
441,Jodi,Wiersma,jwiersmac8@w3.org,74772.02
442,Simmonds,Kauscher,skauscherc9@people.com.cn,75571.87
443,Sofie,Scyone,sscyoneca@shutterfly.com,10180.73
444,Gwenore,Sisland,gsislandcb@cdc.gov,98360.65
445,Chickie,Bachanski,cbachanskicc@google.de,37348.76
446,Thorny,Sprules,tsprulescd@bravesites.com,41580.92
447,Benedikta,Parrington,bparringtonce@archive.org,12223.83
448,Teena,Shalloo,tshalloocf@redcross.org,23927.45
449,Austin,Holston,aholstoncg@nba.com,44058.78
450,Martha,Westoff,mwestoffch@cloudflare.com,64943.16
451,Wake,Clixby,wclixbyci@usnews.com,34558.44
452,Brandy,Sandars,bsandarscj@fotki.com,61152.79
453,Cyrillus,Waghorn,cwaghornck@usgs.gov,93178.53
454,Pearline,Delves,pdelvescl@eepurl.com,94784.07
455,Kiri,Brosius,kbrosiuscm@psu.edu,80729.52
456,Morrie,Jarry,mjarrycn@japanpost.jp,68919.6
457,Dorette,Hebble,dhebbleco@prweb.com,83303.9
458,Tawnya,Dash,tdashcp@hud.gov,20319.14
459,Francyne,Denial,fdenialcq@wordpress.com,48833.87
460,Walker,Balm,wbalmcr@networkadvertising.org,40491.33
461,Dunn,Machin,dmachincs@list-manage.com,55071.21
462,Eduardo,Kasper,ekasperct@surveymonkey.com,78893.9
463,Clyve,Hartford,chartfordcu@harvard.edu,65493.76
464,Stinky,Elacoate,selacoatecv@newyorker.com,37210.75
465,Kath,Shephard,kshephardcw@ox.ac.uk,26840.33
466,Berry,Learmont,blearmontcx@patch.com,63063.08
467,Chuck,Shellard,cshellardcy@huffingtonpost.com,90287.93
468,Lionello,Ridolfi,lridolficz@bigcartel.com,19061.53
469,Bartram,Moffat,bmoffatd0@wsj.com,41874.75
470,Madelina,Ault,maultd1@chron.com,48890.32
471,Janaye,Kermannes,jkermannesd2@weebly.com,12460.19
472,Blisse,Kincla,bkinclad3@go.com,97237.47
473,Shawn,Leavold,sleavoldd4@arstechnica.com,47790.5
474,Zeke,Kiffe,zkiffed5@etsy.com,58266.46
475,Tobye,Meineking,tmeinekingd6@illinois.edu,25968.92
476,Jacqueline,Youngs,jyoungsd7@opera.com,18673.21
477,Sammy,Kuschke,skuschked8@google.de,20382.54
478,Loralie,Woodeson,lwoodesond9@networksolutions.com,88118.73
479,Lyssa,Baldacco,lbaldaccoda@mysql.com,70405.55
480,Ania,Milson,amilsondb@columbia.edu,73754.92
481,Emera,Neenan,eneenandc@patch.com,36928.13
482,Bentley,Whayman,bwhaymandd@hhs.gov,45999.04
483,Sheffy,Jacqueme,sjacquemede@feedburner.com,12257.9
484,Tiffi,Agutter,tagutterdf@pcworld.com,36566.57
485,Christabel,Pine,cpinedg@xinhuanet.com,41228.14
486,Amii,Garret,agarretdh@freewebs.com,94186.82
487,Edlin,Luxford,eluxforddi@cornell.edu,86275.44
488,Robinett,Rubica,rrubicadj@indiatimes.com,39881.63
489,Domeniga,Heasly,dheaslydk@vistaprint.com,98966.78
490,Walker,Rathbone,wrathbonedl@home.pl,56891.81
491,Devy,Amies,damiesdm@sciencedaily.com,94698.24
492,See,Chidley,schidleydn@hud.gov,53160.67
493,Gilbert,Kohn,gkohndo@reverbnation.com,51296.17
494,Baryram,Schout,bschoutdp@istockphoto.com,52095.58
495,Berry,Fearnyhough,bfearnyhoughdq@npr.org,80543.99
496,Evie,Shaw,eshawdr@microsoft.com,28029.64
497,Melania,Custard,mcustardds@pcworld.com,82210.47
498,Sheelah,Sleany,ssleanydt@sphinn.com,90823.99
499,Melantha,Hedgecock,mhedgecockdu@cyberchimps.com,10171.74
500,Raoul,Ladley,rladleydv@weebly.com,96185.89
501,Elsy,Shimuk,eshimukdw@ow.ly,99745.56
502,Dona,Hyam,dhyamdx@cnn.com,86000.4
503,Elsie,Garment,egarmentdy@newyorker.com,34437.43
504,Ali,Lomansey,alomanseydz@artisteer.com,58999.17
505,Moritz,Flounders,mflounderse0@typepad.com,20239.81
506,Fredra,Bursnoll,fbursnolle1@acquirethisname.com,37877.19
507,Dolph,Hazeley,dhazeleye2@a8.net,29326.98
508,Kass,Baus,kbause3@unblog.fr,42035.73
509,Abbe,Walklot,awalklote4@4shared.com,50663.5
510,Neall,Saul,nsaule5@ebay.co.uk,19582.83
511,Agnella,Rose,arosee6@state.tx.us,31012.17
512,Myrna,Beckhouse,mbeckhousee7@is.gd,24022.63
513,Gusty,Shewsmith,gshewsmithe8@independent.co.uk,61624.54
514,Biron,Greasty,bgreastye9@hostgator.com,23385.1
515,Michale,Duddin,mduddinea@census.gov,14915.31
516,Fidela,Pesticcio,fpesticcioeb@ning.com,64131.7
517,Nolly,Sweeney,nsweeneyec@people.com.cn,96079.88
518,Karie,Turnpenny,kturnpennyed@fda.gov,97177.56
519,Devinne,Beedie,dbeedieee@surveymonkey.com,33788.03
520,Pietrek,Drayson,pdraysonef@cdbaby.com,77100.55
521,Bev,Buxcey,bbuxceyeg@gmpg.org,27107.45
522,Alessandra,Blench,ablencheh@amazon.co.jp,79120.73
523,Dennie,Bastone,dbastoneei@reuters.com,77996.44
524,Denyse,Pepall,dpepallej@dropbox.com,15364.57
525,Nestor,Keddle,nkeddleek@gnu.org,91306.28
526,Heloise,Hagergham,hhagerghamel@opensource.org,34089.63
527,Bryanty,Barrowcliff,bbarrowcliffem@latimes.com,43281.28
528,Hobie,Stickells,hstickellsen@hao123.com,29709.09
529,Nataniel,Rizzello,nrizzelloeo@xrea.com,47186.5
530,Ailyn,Fitzsimon,afitzsimonep@ycombinator.com,76890.04
531,Rossie,Cawse,rcawseeq@si.edu,45615.99
532,Mata,Bly,mblyer@flavors.me,66053.46
533,Damon,Dankersley,ddankersleyes@wordpress.com,82611.81
534,Tyrone,McTaggart,tmctaggartet@shareasale.com,30444.58
535,Peta,Bunney,pbunneyeu@deliciousdays.com,49169.76
536,Klaus,McQuie,kmcquieev@craigslist.org,17340.67
537,Falkner,Anker,fankerew@elpais.com,82297.49
538,Worthington,Cale,wcaleex@mayoclinic.com,52138.53
539,Cobb,Blundel,cblundeley@netlog.com,80727.05
540,Leland,Jerdein,ljerdeinez@acquirethisname.com,16345.53
541,Lionello,Weymont,lweymontf0@unicef.org,33308.35
542,Teddy,Heathcoat,theathcoatf1@vk.com,97840.72
543,Lars,McBeth,lmcbethf2@pagesperso-orange.fr,35861.93
544,Lisa,Burman,lburmanf3@engadget.com,87031.37
545,Christopher,Tompion,ctompionf4@gravatar.com,71239.02
546,Eva,Grissett,egrissettf5@tripod.com,69536.86
547,Sonny,Karpets,skarpetsf6@t.co,63688.48
548,Dougie,Peck,dpeckf7@apple.com,24686.31
549,Sasha,Gwinnett,sgwinnettf8@ycombinator.com,13663.37
550,Dedra,Gavini,dgavinif9@craigslist.org,64733.0
551,Thane,Juliff,tjulifffa@myspace.com,27559.86
552,Humfrid,Dubbin,hdubbinfb@jalbum.net,10867.55
553,Charleen,Winterbourne,cwinterbournefc@jalbum.net,28319.41
554,Shirl,Duchatel,sduchatelfd@vinaora.com,19283.31
555,Rhianna,Tibalt,rtibaltfe@indiegogo.com,80964.97
556,Sydel,Rutley,srutleyff@123-reg.co.uk,12508.59
557,Mason,Guerrieri,mguerrierifg@ucoz.ru,16484.09
558,Stuart,Frean,sfreanfh@alexa.com,88071.58
559,Minna,Everiss,meverissfi@pbs.org,59948.27
560,Shandra,Storrie,sstorriefj@archive.org,82154.08
561,Joanie,Petrollo,jpetrollofk@aol.com,33297.4
562,Jerrilyn,Gubbin,jgubbinfl@t.co,50557.21
563,Tera,McComish,tmccomishfm@nature.com,48985.6
564,Cyb,Bromidge,cbromidgefn@cmu.edu,28753.64
565,Bernelle,Moseby,bmosebyfo@cafepress.com,14864.59
566,Cyndia,Dootson,cdootsonfp@prweb.com,86095.77
567,Kimberly,Whatman,kwhatmanfq@sogou.com,82081.97
568,Eberto,Wilshaw,ewilshawfr@yolasite.com,15231.92
569,Bayard,Summerlee,bsummerleefs@paginegialle.it,43126.71
570,Clerissa,Charsley,ccharsleyft@printfriendly.com,33858.6
571,Marietta,Druhan,mdruhanfu@cmu.edu,84724.29
572,Atalanta,Sambiedge,asambiedgefv@pagesperso-orange.fr,28415.35
573,Pru,Kunneke,pkunnekefw@w3.org,48451.74
574,Simmonds,Meritt,smerittfx@skype.com,91909.87
575,Rogers,Lockey,rlockeyfy@people.com.cn,82366.22
576,Britt,Varfolomeev,bvarfolomeevfz@mlb.com,95857.97
577,Myrle,Lougheid,mlougheidg0@bloglovin.com,80310.27
578,Brose,Gyppes,bgyppesg1@meetup.com,76676.9
579,Francesca,Wasteney,fwasteneyg2@dyndns.org,29158.13
580,Joshuah,Underwood,junderwoodg3@xinhuanet.com,54403.07
581,Hyacinthie,Swadlen,hswadleng4@geocities.com,18251.47
582,Shanda,Oleszkiewicz,soleszkiewiczg5@who.int,95052.38
583,Carrol,Bernardeau,cbernardeaug6@yahoo.co.jp,23275.05
584,Adan,Trickett,atrickettg7@blogs.com,13535.19
585,Ariana,Gambrell,agambrellg8@unicef.org,64776.44
586,Cariotta,Coolahan,ccoolahang9@sitemeter.com,57405.21
587,Birdie,Plowright,bplowrightga@cpanel.net,21946.52
588,Wenonah,Huffadine,whuffadinegb@mlb.com,75141.35
589,Kally,Boeter,kboetergc@hostgator.com,64998.21
590,Mira,Doelle,mdoellegd@sciencedaily.com,31839.42
591,Keen,Novotne,knovotnege@cnbc.com,98569.44
592,Murvyn,Keenlayside,mkeenlaysidegf@bigcartel.com,31129.32
593,Keriann,Showen,kshowengg@printfriendly.com,56145.29
594,Auria,Drinkale,adrinkalegh@microsoft.com,50716.32
595,Doretta,Garard,dgarardgi@adobe.com,22186.18
596,Amanda,Cassell,acassellgj@lycos.com,39819.26
597,Esmeralda,Couling,ecoulinggk@un.org,90354.83
598,Berrie,Worstall,bworstallgl@statcounter.com,79639.8
599,Alessandro,Aubert,aaubertgm@weather.com,71511.26
600,Diane-marie,Langtree,dlangtreegn@elpais.com,54116.64
601,Hillier,Lyvon,hlyvongo@baidu.com,30546.1
602,Elberta,Parkyn,eparkyngp@macromedia.com,58769.76
603,Zacharie,Josipovitz,zjosipovitzgq@ifeng.com,69546.32
604,Kristyn,Bailiss,kbailissgr@utexas.edu,62674.13
605,Welby,Leber,wlebergs@alibaba.com,50081.66
606,Maggy,Bennallck,mbennallckgt@comsenz.com,73242.94
607,Cahra,Braycotton,cbraycottongu@issuu.com,37112.62
608,Arley,Jenkinson,ajenkinsongv@freewebs.com,61698.55
609,Francine,Kennford,fkennfordgw@dailymotion.com,10795.35
610,Siward,Dudmarsh,sdudmarshgx@dmoz.org,20054.77
611,Myrah,Lorenzini,mlorenzinigy@imgur.com,81576.02
612,Cheslie,Wallworth,cwallworthgz@apple.com,56294.89
613,Cassandre,Kempshall,ckempshallh0@mit.edu,66139.46
614,Maye,Sibly,msiblyh1@eepurl.com,64517.23
615,Nicola,Bywater,nbywaterh2@themeforest.net,32615.36
616,Elbert,Citrine,ecitrineh3@discovery.com,84017.74
617,Melinde,Wickey,mwickeyh4@gravatar.com,63381.87
618,Ernestus,Hessentaler,ehessentalerh5@mozilla.com,10416.58
619,Terra,Branca,tbrancah6@ft.com,12131.46
620,Nathan,Pinkstone,npinkstoneh7@dedecms.com,10116.53
621,Livvie,Disbrow,ldisbrowh8@rambler.ru,21250.9
622,Mordy,Southan,msouthanh9@1688.com,77914.01
623,Doria,Janes,djanesha@adobe.com,70673.39
624,Egor,Sagar,esagarhb@techcrunch.com,90986.44
625,Yankee,Rissom,yrissomhc@va.gov,35722.55
626,Lambert,Plaice,lplaicehd@samsung.com,72237.7
627,Lib,Chalfont,lchalfonthe@behance.net,98575.05
628,Mildrid,Karsh,mkarshhf@furl.net,40681.4
629,Katya,Randle,krandlehg@nymag.com,83304.96
630,Yankee,Moretto,ymorettohh@webs.com,33988.17
631,Tammi,Chastang,tchastanghi@shareasale.com,74469.5
632,Athene,Mazzilli,amazzillihj@wired.com,60533.43
633,Emmalynn,Birkmyr,ebirkmyrhk@harvard.edu,48590.07
634,Horst,Ownsworth,hownsworthhl@theguardian.com,64842.1
635,Fayette,Summerley,fsummerleyhm@flavors.me,49165.46
636,Zorah,Smalecombe,zsmalecombehn@msu.edu,87561.0
637,Auria,Kasher,akasherho@cmu.edu,19666.56
638,Pepillo,Welbelove,pwelbelovehp@tiny.cc,66419.69
639,Galvan,Bumpas,gbumpashq@yandex.ru,21072.42
640,Claudetta,Knoton,cknotonhr@pinterest.com,58697.13
641,Ev,Caudelier,ecaudelierhs@google.ru,31660.98
642,Chicky,MacDermot,cmacdermotht@reference.com,95718.48
643,Malinda,Coop,mcoophu@state.gov,78225.9
644,Stephie,Zecchi,szecchihv@independent.co.uk,18197.4
645,Catherin,Mound,cmoundhw@nbcnews.com,46138.16
646,Kit,MacGarvey,kmacgarveyhx@marriott.com,40915.62
647,Kass,Gytesham,kgyteshamhy@sfgate.com,85461.5
648,Bartel,Cocher,bcocherhz@moonfruit.com,14959.6
649,Osmond,Noton,onotoni0@discovery.com,62134.43
650,Odessa,Lotze,olotzei1@europa.eu,83659.34
651,Lucias,Sarfati,lsarfatii2@paypal.com,19086.64
652,Caldwell,Blackeby,cblackebyi3@prlog.org,68479.02
653,Inga,Tape,itapei4@washington.edu,63972.92
654,Lavina,Hartnup,lhartnupi5@about.com,44469.81
655,Alasdair,Wetherill,awetherilli6@cpanel.net,78584.2
656,Franciska,Epsley,fepsleyi7@webs.com,59140.19
657,Nichol,Tippetts,ntippettsi8@jigsy.com,54207.87
658,Harlene,Royds,hroydsi9@google.com.hk,82702.9
659,Brandea,Ridgwell,bridgwellia@sfgate.com,55390.3
660,Cale,Lestrange,clestrangeib@prnewswire.com,25532.7
661,Shawn,Molloy,smolloyic@smh.com.au,68831.64
662,Corena,Beagan,cbeaganid@ft.com,88783.23
663,Tore,Sewell,tsewellie@imdb.com,54143.88
664,Guntar,Keenan,gkeenanif@bloomberg.com,41756.94
665,Vinnie,Hanselmann,vhanselmannig@pagesperso-orange.fr,61000.3
666,Burton,Kealey,bkealeyih@blogspot.com,46710.77
667,Seka,Anniwell,sanniwellii@google.com,31757.9
668,Gram,Chin,gchinij@purevolume.com,54515.87
669,Charita,Geraud,cgeraudik@soundcloud.com,89532.29
670,Caron,Enden,cendenil@kickstarter.com,77260.43
671,Moina,Huccaby,mhuccabyim@uol.com.br,49167.35
672,Agnes,Caig,acaigin@samsung.com,69721.86
673,Kennith,Carlesi,kcarlesiio@free.fr,56715.06
674,Emilie,Boyle,eboyleip@nyu.edu,44420.95
675,Claudine,Semkins,csemkinsiq@naver.com,29522.43
676,Irita,Snazle,isnazleir@uol.com.br,99918.78
677,Dinah,Spores,dsporesis@exblog.jp,77651.99
678,Bartlet,Coppledike,bcoppledikeit@bluehost.com,39065.35
679,Domingo,Widdowson,dwiddowsoniu@washington.edu,37864.26
680,Tore,Weakley,tweakleyiv@behance.net,82595.38
681,Currey,Theodore,ctheodoreiw@pcworld.com,50167.29
682,Reinhold,Behling,rbehlingix@csmonitor.com,89899.0
683,Anne-marie,Skehens,askehensiy@craigslist.org,74468.82
684,Olga,Crosskill,ocrosskilliz@cornell.edu,70396.27
685,Selinda,Thulborn,sthulbornj0@pinterest.com,47128.34
686,Hallie,Sotheby,hsothebyj1@imgur.com,39963.86
687,Carlie,Cottisford,ccottisfordj2@liveinternet.ru,88945.43
688,Katherina,Geeson,kgeesonj3@soup.io,42468.88
689,Dwayne,Tomney,dtomneyj4@1688.com,97758.23
690,Maurene,Boatwright,mboatwrightj5@themeforest.net,82581.89
691,Germaine,Caustic,gcausticj6@google.fr,60011.25
692,Marilyn,Barnbrook,mbarnbrookj7@ask.com,36106.15
693,Sutherlan,Iglesia,siglesiaj8@vinaora.com,52000.07
694,Ahmad,Gravell,agravellj9@rakuten.co.jp,37003.69
695,Josy,Grumell,jgrumellja@fotki.com,15038.34
696,Mayne,Lapslie,mlapsliejb@cocolog-nifty.com,23035.6
697,Dorthea,Easman,deasmanjc@parallels.com,55369.41
698,Alexina,Vere,averejd@kickstarter.com,45364.09
699,Ambrosio,Rochewell,arochewellje@shareasale.com,40338.43
700,Hurley,Dutson,hdutsonjf@altervista.org,37180.8
701,Marna,Hearsey,mhearseyjg@sourceforge.net,87090.53
702,Monah,Rose,mrosejh@webmd.com,31001.22
703,Alethea,Piotr,apiotrji@behance.net,14916.99
704,Margalo,McLenaghan,mmclenaghanjj@sina.com.cn,38715.28
705,Chrystal,Albiston,calbistonjk@marriott.com,78514.27
706,Loralyn,Hardbattle,lhardbattlejl@howstuffworks.com,94998.44
707,Liane,Ofen,lofenjm@digg.com,20955.26
708,Paolo,Menego,pmenegojn@blogs.com,95636.6
709,Lynnelle,Crepel,lcrepeljo@discuz.net,99252.4
710,Keenan,Allone,kallonejp@slideshare.net,51058.66
711,Niccolo,Banfield,nbanfieldjq@si.edu,19515.8
712,Querida,Rickerd,qrickerdjr@netvibes.com,72299.34
713,Alexandrina,Beevors,abeevorsjs@bandcamp.com,45959.36
714,Margie,Brownill,mbrownilljt@amazon.de,16729.78
715,Carey,Lathleiff,clathleiffju@sphinn.com,72022.56
716,Ham,Baudet,hbaudetjv@state.tx.us,82038.19
717,Broddy,Wolfinger,bwolfingerjw@un.org,76501.38
718,Andriette,Spindler,aspindlerjx@studiopress.com,14122.02
719,Luz,Statham,lstathamjy@blog.com,98496.07
720,Jaimie,Yateman,jyatemanjz@mac.com,10611.68
721,Javier,Pitbladdo,jpitbladdok0@jalbum.net,39825.18
722,Clair,Huggons,chuggonsk1@cdc.gov,78552.63
723,Timothea,Gauden,tgaudenk2@weibo.com,25361.0
724,Tully,McVeagh,tmcveaghk3@sourceforge.net,10082.51
725,Verne,Gostick,vgostickk4@sogou.com,58504.3
726,Lelah,Streetley,lstreetleyk5@google.co.uk,32533.86
727,Kennie,Krelle,kkrellek6@narod.ru,48353.84
728,Stephen,Mariner,smarinerk7@salon.com,25273.62
729,Joelly,Gloyens,jgloyensk8@columbia.edu,51611.96
730,Gwen,Scotchmore,gscotchmorek9@ucsd.edu,81759.93
731,Lilla,Vonderdell,lvonderdellka@wikimedia.org,73734.21
732,Ailbert,Chettle,achettlekb@photobucket.com,44672.12
733,Tadeas,Ousby,tousbykc@globo.com,79901.39
734,Fairfax,MacNeilley,fmacneilleykd@qq.com,79400.52
735,Nora,Garrison,ngarrisonke@ezinearticles.com,11124.09
736,Reeta,De Ortega,rdeortegakf@hp.com,97970.22
737,Malva,Godden,mgoddenkg@de.vu,12322.63
738,Kristoffer,Gamlin,kgamlinkh@flavors.me,31115.62
739,Cheri,Hawe,chaweki@gravatar.com,74515.76
740,Sophia,Orrum,sorrumkj@1und1.de,52077.21
741,Lefty,Kubec,lkubeckk@networksolutions.com,19835.59
742,Dory,Armatidge,darmatidgekl@earthlink.net,70218.3
743,Zebadiah,Merrett,zmerrettkm@state.tx.us,90042.35
744,Ronni,Benbrick,rbenbrickkn@imdb.com,11386.94
745,Sasha,Brabyn,sbrabynko@statcounter.com,66471.6
746,Charmion,Pideon,cpideonkp@independent.co.uk,52906.09
747,Harriet,Mapledoram,hmapledoramkq@ehow.com,51532.26
748,Olag,Armitage,oarmitagekr@g.co,74609.36
749,Ricki,Okeshott,rokeshottks@dion.ne.jp,98082.42
750,Stefanie,Kenyon,skenyonkt@nymag.com,63049.5
751,Sidonia,Heard,sheardku@bloglovin.com,15663.05
752,Roldan,Droghan,rdroghankv@simplemachines.org,55852.27
753,Jonie,Bennike,jbennikekw@desdev.cn,14860.74
754,Agnesse,Izak,aizakkx@domainmarket.com,72161.35
755,Peg,Firidolfi,pfiridolfiky@eepurl.com,24612.75
756,Stirling,Wishkar,swishkarkz@sun.com,73078.64
757,Gretchen,O'Towey,gotoweyl0@buzzfeed.com,59319.18
758,Kellie,Beyne,kbeynel1@bizjournals.com,44006.31
759,Zebadiah,Halbard,zhalbardl2@huffingtonpost.com,28753.74
760,Damian,Rayson,draysonl3@discovery.com,65606.62
761,Shay,Behnecke,sbehneckel4@cocolog-nifty.com,53557.77
762,Karlens,Joyner,kjoynerl5@free.fr,54633.68
763,Zitella,Gladden,zgladdenl6@cocolog-nifty.com,40482.83
764,Elonore,Dotson,edotsonl7@nationalgeographic.com,97119.74
765,D'arcy,Gaule,dgaulel8@multiply.com,46146.51
766,Gayel,Bew,gbewl9@gmpg.org,40283.93
767,Ram,Ciccetti,rciccettila@opensource.org,19101.06
768,Kristien,Lincoln,klincolnlb@cbc.ca,41874.82
769,Nealon,Baldick,nbaldicklc@bloglines.com,42583.47
770,Ezekiel,Glanester,eglanesterld@woothemes.com,89182.97
771,Cindie,Joynson,cjoynsonle@google.com.br,17546.01
772,Melinda,Boissier,mboissierlf@e-recht24.de,17137.94
773,Casandra,Schusterl,cschusterllg@instagram.com,95275.78
774,Clo,Vigurs,cvigurslh@yale.edu,91950.29
775,Hiram,Coda,hcodali@live.com,88031.3
776,Claudette,Normansell,cnormanselllj@tumblr.com,37454.59
777,Adelle,Morales,amoraleslk@craigslist.org,41866.26
778,Martha,Turbern,mturbernll@ehow.com,79326.4
779,Emily,Gabbetis,egabbetislm@theguardian.com,31236.63
780,Vinson,Search,vsearchln@wufoo.com,39226.13
781,Darb,Tumayan,dtumayanlo@wp.com,76531.23
782,Karlie,Canto,kcantolp@redcross.org,74291.44
783,Yance,Di Bartolommeo,ydibartolommeolq@tinypic.com,38633.57
784,Doe,Hilldrup,dhilldruplr@vimeo.com,54474.1
785,Janeta,Malenoir,jmalenoirls@mail.ru,16784.19
786,Marge,Brockwell,mbrockwelllt@opensource.org,10123.56
787,Lazar,Gumley,lgumleylu@imgur.com,61455.2
788,Moe,Tarver,mtarverlv@lulu.com,18831.47
789,Broderick,Courage,bcouragelw@ebay.co.uk,45515.5
790,Carr,Sleite,csleitelx@squarespace.com,10015.19
791,Susanetta,Tufts,stuftsly@yolasite.com,52490.73
792,Sawyere,Liptrod,sliptrodlz@cdc.gov,12061.01
793,Ronnica,Oliphard,roliphardm0@nasa.gov,40714.94
794,Stanton,MacEvilly,smacevillym1@noaa.gov,11694.26
795,Berrie,Blaxter,bblaxterm2@fotki.com,70712.33
796,Ketti,Yole,kyolem3@bravesites.com,34636.29
797,Hugibert,Chaytor,hchaytorm4@a8.net,52347.18
798,Vivyan,Tivnan,vtivnanm5@aol.com,28203.75
799,Catrina,Jeanon,cjeanonm6@google.com.br,42481.7
800,Samara,Whyte,swhytem7@drupal.org,73519.62
801,Maressa,Setterington,msetteringtonm8@joomla.org,51233.53
802,Shelbi,Palphramand,spalphramandm9@mapquest.com,43875.38
803,Antin,Standbrook,astandbrookma@google.it,82817.16
804,Lucinda,Tailby,ltailbymb@springer.com,52670.85
805,Nertie,Reavey,nreaveymc@hexun.com,38597.33
806,Beck,Cory,bcorymd@abc.net.au,96994.0
807,Rickert,Baldocci,rbaldoccime@comsenz.com,91279.44
808,Mei,Jannaway,mjannawaymf@latimes.com,51538.66
809,Ranique,Hancox,rhancoxmg@diigo.com,75194.08
810,Joane,Dobbson,jdobbsonmh@de.vu,83185.9
811,Delmor,Coweuppe,dcoweuppemi@yahoo.com,64633.77
812,Eduard,Beel,ebeelmj@sogou.com,36504.18
813,Tina,Carwithim,tcarwithimmk@sitemeter.com,38749.03
814,Brocky,Hammonds,bhammondsml@time.com,36012.95
815,Julissa,Snowball,jsnowballmm@ebay.co.uk,46847.24
816,Fanchon,Moyes,fmoyesmn@loc.gov,21355.4
817,Ervin,Whiff,ewhiffmo@techcrunch.com,74176.48
818,Elbertina,Aldersea,ealderseamp@godaddy.com,25375.96
819,Hanny,Booth,hboothmq@vistaprint.com,91780.06
820,Cynthea,Daice,cdaicemr@utexas.edu,64419.38
821,Marcelline,Turl,mturlms@nature.com,35118.96
822,Kellia,Delea,kdeleamt@npr.org,28750.79
823,Nataniel,Ready,nreadymu@sogou.com,86306.07
824,Fidelity,Fasey,ffaseymv@washington.edu,89583.16
825,Tabor,Clitherow,tclitherowmw@youku.com,37860.46
826,Grete,Birkett,gbirkettmx@harvard.edu,10985.5
827,Stavros,Skerritt,sskerrittmy@ovh.net,70158.44
828,Dino,Colum,dcolummz@naver.com,79797.8
829,Omero,Lauritsen,olauritsenn0@g.co,15533.05
830,Kellen,Quemby,kquembyn1@va.gov,65685.44
831,Cookie,Champneys,cchampneysn2@unesco.org,65299.72
832,Fayina,Sibbering,fsibberingn3@de.vu,91254.73
833,Fan,Forcer,fforcern4@slate.com,20986.7
834,Zena,Mithon,zmithonn5@sakura.ne.jp,48798.98
835,Lucia,Crinion,lcrinionn6@dedecms.com,30519.19
836,Octavius,Hurd,ohurdn7@adobe.com,65478.41
837,Ginger,Chasles,gchaslesn8@wikipedia.org,19505.3
838,Ilyssa,Tripcony,itripconyn9@reference.com,71549.37
839,Tann,Oddboy,toddboyna@ning.com,93901.57
840,Nickolas,Braune,nbraunenb@mashable.com,52346.91
841,Karel,Petrak,kpetraknc@zdnet.com,37357.02
842,Adan,Kusick,akusicknd@admin.ch,64095.14
843,Ferdie,Adamczewski,fadamczewskine@feedburner.com,85602.6
844,Helga,Boatwright,hboatwrightnf@mozilla.com,21198.05
845,Inez,Cristou,icristoung@wsj.com,26619.76
846,Brandise,Bleiman,bbleimannh@netlog.com,16099.59
847,Fulton,Spilstead,fspilsteadni@hatena.ne.jp,34859.35
848,Avril,Grodden,agroddennj@go.com,76739.6
849,Norean,Caddell,ncaddellnk@eventbrite.com,81196.71
850,Cyrillus,Swinfon,cswinfonnl@arizona.edu,54092.44
851,Edward,Aggott,eaggottnm@is.gd,42110.71
852,Amie,Bartrum,abartrumnn@1688.com,73743.65
853,Heall,Londing,hlondingno@xinhuanet.com,75845.43
854,Elbertina,Scothorne,escothornenp@mozilla.org,83007.18
855,Emylee,Mountstephen,emountstephennq@techcrunch.com,97738.99
856,Ann-marie,Dodgshon,adodgshonnr@joomla.org,16258.53
857,Jacquette,Foxworthy,jfoxworthyns@gov.uk,76129.2
858,Marrissa,Bredgeland,mbredgelandnt@csmonitor.com,33533.29
859,Jory,Greenhead,jgreenheadnu@usda.gov,78239.07
860,Dalis,Garthland,dgarthlandnv@ihg.com,31928.31
861,Nanette,Gallienne,ngalliennenw@cafepress.com,47476.03
862,Bonnee,McAless,bmcalessnx@seesaa.net,98053.27
863,Emmett,Fowkes,efowkesny@umich.edu,13165.56
864,Chloe,Amburgy,camburgynz@oracle.com,56821.1
865,Ken,Mowatt,kmowatto0@eventbrite.com,20797.85
866,Tommi,Fassbindler,tfassbindlero1@a8.net,68080.97
867,Lurline,Ralls,lrallso2@php.net,28124.34
868,Worth,Exall,wexallo3@yahoo.com,73186.49
869,Franzen,Gronno,fgronnoo4@comcast.net,72102.34
870,Gillian,Swallwell,gswallwello5@symantec.com,64796.79
871,Thatcher,Winscomb,twinscombo6@ask.com,98635.76
872,Fern,Dubble,fdubbleo7@quantcast.com,17644.76
873,Dacy,Matfin,dmatfino8@blogtalkradio.com,42831.58
874,Gusti,Aimson,gaimsono9@discovery.com,84813.65
875,Anne,Ormshaw,aormshawoa@photobucket.com,52720.13
876,Nate,Stitfall,nstitfallob@ovh.net,47626.56
877,Fawne,Tolworthie,ftolworthieoc@baidu.com,11727.6
878,Glenn,Brittles,gbrittlesod@oakley.com,24395.58
879,Sorcha,Tremonte,stremonteoe@cmu.edu,25466.78
880,Johanna,Burgot,jburgotof@hatena.ne.jp,95995.61
881,Natassia,Chance,nchanceog@shinystat.com,38834.26
882,Maurita,Clunie,mclunieoh@skype.com,43292.7
883,Yorgos,Fieldhouse,yfieldhouseoi@mail.ru,13284.75
884,Bellina,Metzing,bmetzingoj@shinystat.com,11409.24
885,Rouvin,Cossum,rcossumok@ebay.com,17662.43
886,Lucienne,Thomlinson,lthomlinsonol@europa.eu,15697.9
887,Marianna,Ellicock,mellicockom@linkedin.com,43903.11
888,Edna,Crenshaw,ecrenshawon@macromedia.com,77016.16
889,Rodi,Soro,rsorooo@issuu.com,93925.29
890,Ardenia,MacElholm,amacelholmop@virginia.edu,24657.81
891,Lura,Toor,ltooroq@wikimedia.org,30133.36
892,Nolan,Siddell,nsiddellor@desdev.cn,42524.71
893,Cherice,Thowless,cthowlessos@cnbc.com,61238.35
894,Inglis,Dumpleton,idumpletonot@fastcompany.com,55563.32
895,Giacinta,Kimmins,gkimminsou@hexun.com,76134.84
896,Kristi,Hampshaw,khampshawov@zimbio.com,77716.31
897,Davie,Kornes,dkornesow@hud.gov,13446.95
898,Cosetta,Evison,cevisonox@guardian.co.uk,60003.66
899,Milton,Hedges,mhedgesoy@howstuffworks.com,30963.78
900,Ganny,Ranklin,granklinoz@goo.gl,29472.21
901,Claude,Hards,chardsp0@sitemeter.com,66003.93
902,Aristotle,Rivers,ariversp1@ucla.edu,66073.94
903,Darill,Greatorex,dgreatorexp2@bbc.co.uk,55192.43
904,Leicester,Ousby,lousbyp3@mapy.cz,39192.82
905,Wendi,Loomes,wloomesp4@squidoo.com,35837.31
906,Adrienne,Gane,aganep5@ocn.ne.jp,38929.54
907,Rey,Guido,rguidop6@google.de,21477.06
908,Katleen,Lorinez,klorinezp7@quantcast.com,41586.22
909,Layne,Jeaycock,ljeaycockp8@nps.gov,92004.03
910,Margaretta,Schwant,mschwantp9@engadget.com,83135.99
911,Carlo,Drinnan,cdrinnanpa@mapquest.com,69124.15
912,Rossie,Sotworth,rsotworthpb@google.co.uk,13766.9
913,Felicio,Quarton,fquartonpc@mlb.com,72897.19
914,Paquito,Scarasbrick,pscarasbrickpd@mapquest.com,99797.11
915,Clementia,Hatherley,chatherleype@cbc.ca,58496.53
916,Lorine,Allchorn,lallchornpf@guardian.co.uk,37646.1
917,Ellswerth,Sandeford,esandefordpg@last.fm,55652.14
918,Noami,Klaiser,nklaiserph@phoca.cz,69912.77
919,Ashlan,Fee,afeepi@whitehouse.gov,73625.54
920,Giffer,Folkerts,gfolkertspj@51.la,88447.83
921,Dallon,MacDonogh,dmacdonoghpk@miibeian.gov.cn,88053.59
922,Joannes,Dracksford,jdracksfordpl@intel.com,92861.37
923,Aurora,Abys,aabyspm@biglobe.ne.jp,55440.55
924,Adolphus,Wissbey,awissbeypn@comcast.net,90320.18
925,Delphine,Belvin,dbelvinpo@princeton.edu,46462.78
926,Francene,Hann,fhannpp@networksolutions.com,42167.31
927,Norma,Sherville,nshervillepq@mapquest.com,53087.0
928,Kelcey,Clowes,kclowespr@wordpress.org,81643.99
929,Anestassia,Waddy,awaddyps@mozilla.com,53970.47
930,Carree,Rielly,criellypt@oakley.com,78202.13
931,Hilary,Cupitt,hcupittpu@wordpress.org,66025.79
932,Kellyann,Romei,kromeipv@sina.com.cn,32653.89
933,Meara,Marchington,mmarchingtonpw@google.de,13096.35
934,Dorothee,Leibold,dleiboldpx@indiegogo.com,85379.51
935,Emmalynne,De la Feld,edelafeldpy@uol.com.br,80174.33
936,Jarrad,Lamprecht,jlamprechtpz@epa.gov,85618.86
937,Courtnay,Salerno,csalernoq0@walmart.com,56074.07
938,Winfield,Hollingsbee,whollingsbeeq1@xinhuanet.com,72950.81
939,Tiphany,O'Neary,tonearyq2@ow.ly,97159.88
940,Celesta,Stubbs,cstubbsq3@woothemes.com,97098.39
941,Brice,Leverson,bleversonq4@dropbox.com,37720.02
942,Samaria,Marlowe,smarloweq5@indiegogo.com,77430.4
943,Shaughn,Yateman,syatemanq6@epa.gov,49940.71
944,Rupert,Jakobssen,rjakobssenq7@deliciousdays.com,77895.39
945,Mirelle,Knevett,mknevettq8@uol.com.br,95775.99
946,Alicia,Vautier,avautierq9@themeforest.net,19769.72
947,Benjamen,Edkins,bedkinsqa@blinklist.com,93216.53
948,Blythe,Lockie,blockieqb@alexa.com,92250.76
949,Bernard,Bordis,bbordisqc@a8.net,26506.43
950,Lil,Loxdale,lloxdaleqd@theatlantic.com,19638.18
951,Bjorn,Cornfield,bcornfieldqe@people.com.cn,91579.69
952,Geoffry,Beavers,gbeaversqf@wix.com,52797.84
953,Concordia,Bim,cbimqg@spiegel.de,42729.53
954,Farica,Deely,fdeelyqh@smugmug.com,27533.41
955,Nickey,Jeckell,njeckellqi@weebly.com,27187.69
956,Mathew,MacLure,mmaclureqj@weather.com,96865.12
957,Cornall,Kernermann,ckernermannqk@technorati.com,17664.73
958,Ferrel,Schollar,fschollarql@columbia.edu,72018.47
959,Rikki,Beeke,rbeekeqm@hud.gov,42480.53
960,Margarethe,Aldine,maldineqn@free.fr,74978.68
961,Lorianne,Quinion,lquinionqo@blinklist.com,49046.54
962,Maggee,Bockmaster,mbockmasterqp@kickstarter.com,60647.39
963,Culley,Spens,cspensqq@biblegateway.com,81991.79
964,Lotte,Tomisch,ltomischqr@spotify.com,31438.75
965,Cristian,Fandrich,cfandrichqs@unesco.org,73468.78
966,Lucy,Craise,lcraiseqt@yahoo.com,30471.81
967,Ede,Harbord,eharbordqu@cam.ac.uk,34228.88
968,Bondon,Chesser,bchesserqv@shutterfly.com,72176.27
969,Walker,Goulstone,wgoulstoneqw@123-reg.co.uk,77369.47
970,Annis,Rewan,arewanqx@wikia.com,92509.13
971,Ward,Shillabear,wshillabearqy@timesonline.co.uk,88616.67
972,Graig,Carnachen,gcarnachenqz@yellowpages.com,29341.12
973,Antonie,Skechley,askechleyr0@google.ru,82485.44
974,Darci,Vondracek,dvondracekr1@amazon.de,10081.38
975,Zak,Inchcomb,zinchcombr2@hexun.com,41163.64
976,Ax,Cours,acoursr3@ca.gov,20100.8
977,Poppy,Ruckert,pruckertr4@dagondesign.com,87075.03
978,Olenolin,Davydzenko,odavydzenkor5@geocities.com,44597.66
979,Jolyn,Klimaszewski,jklimaszewskir6@angelfire.com,37787.25
980,Mario,Howcroft,mhowcroftr7@comsenz.com,21293.75
981,Kirsteni,Genner,kgennerr8@digg.com,67867.71
982,Oona,McGiven,omcgivenr9@skyrock.com,43945.54
983,Shawna,Lafoy,slafoyra@blogspot.com,65845.16
984,Shep,Tiptaft,stiptaftrb@printfriendly.com,32268.31
985,Glynn,Shropshire,gshropshirerc@kickstarter.com,79641.87
986,Derrek,Loverock,dloverockrd@howstuffworks.com,89528.15
987,Jakob,Mawne,jmawnere@digg.com,91294.45
988,Claudianus,Sindall,csindallrf@cbc.ca,36645.62
989,Broddy,Edmondson,bedmondsonrg@cdbaby.com,15518.95
990,Travis,Goodridge,tgoodridgerh@sbwire.com,48463.26
991,Renate,Batteson,rbattesonri@cargocollective.com,19579.17
992,Roanne,Quakley,rquakleyrj@elegantthemes.com,44255.89
993,Aubrie,Paynes,apaynesrk@yale.edu,76704.27
994,Catharine,Cortes,ccortesrl@fda.gov,28750.42
995,Frieda,Maymond,fmaymondrm@hexun.com,91362.27
996,Oswald,Hasel,ohaselrn@tripod.com,20734.03
997,Walker,Aleksashin,waleksashinro@fastcompany.com,43373.82
998,Starr,Bonicelli,sbonicellirp@salon.com,65628.26
999,Evangelin,Lambol,elambolrq@youtu.be,28886.34
1000,Northrop,Seckington,nseckingtonrr@storify.com,60595.26
