id,first_name,last_name,email,salary
1,Marysa,Gemlbett,mgemlbett0@soup.io,67110.89
2,Pate,Penney,ppenney1@jalbum.net,87929.27
3,Jack,Ingre,jingre2@shop-pro.jp,88587.13
4,Antonius,O'Griffin,aogriffin3@meetup.com,66438.0
5,Dominica,Bastie,dbastie4@ovh.net,68813.75
6,Murray,Dall,mdall5@adobe.com,36722.57
7,Cacilie,Beinisch,cbeinisch6@amazonaws.com,51194.69
8,Georgina,Mellonby,gmellonby7@oakley.com,39037.63
9,Elaine,Beekmann,ebeekmann8@wordpress.com,67448.72
10,Ashely,Wooland,awooland9@rambler.ru,42692.0
11,Marlo,Cornehl,mcornehla@cbsnews.com,61269.66
12,Deidre,Matterface,dmatterfaceb@cnbc.com,89616.86
13,Mariya,Rippen,mrippenc@yolasite.com,79030.1
14,Stormie,Fugere,sfugered@webs.com,53190.86
15,Janella,McAvin,jmcavine@spotify.com,99542.78
16,Jania,Kelf,jkelff@timesonline.co.uk,94070.54
17,Lianne,Gunningham,lgunninghamg@gravatar.com,94247.83
18,Renee,Halms,rhalmsh@a8.net,39555.3
19,Yance,Cornels,ycornelsi@mashable.com,84954.55
20,Vivienne,Witheridge,vwitheridgej@google.com.br,51563.13
21,Guy,Bambridge,gbambridgek@gizmodo.com,84260.6
22,Kingsly,Bunt,kbuntl@ovh.net,28988.06
23,Amy,Jery,ajerym@vk.com,55644.79
24,Micheal,Mole,mmolen@deliciousdays.com,17728.29
25,Lacey,Hymas,lhymaso@stanford.edu,63229.8
26,Analiese,Leither,aleitherp@imageshack.us,27574.75
27,Dennie,Danielli,ddanielliq@feedburner.com,96152.21
28,Alysa,Waylen,awaylenr@icio.us,18810.92
29,Krysta,Skittrell,kskittrells@technorati.com,61747.23
30,Lance,Manes,lmanest@jiathis.com,19453.78
31,Reginald,Binfield,rbinfieldu@deviantart.com,39537.34
32,Lorrayne,Sannes,lsannesv@1688.com,93925.89
33,Rora,Formie,rformiew@umich.edu,55673.0
34,Colene,Losty,clostyx@ihg.com,95253.12
35,Freddie,Wilman,fwilmany@bloglovin.com,45701.51
36,Bobine,Tennison,btennisonz@unesco.org,94464.9
37,Pepito,Mold,pmold10@yahoo.com,11141.0
38,Kellyann,Warlowe,kwarlowe11@cpanel.net,97991.7
39,Karlen,Cashman,kcashman12@ucoz.ru,55835.49
40,Meagan,Kelbie,mkelbie13@rediff.com,35864.39
41,Gabriele,Joule,gjoule14@naver.com,61756.17
42,Doretta,Caudwell,dcaudwell15@surveymonkey.com,16576.38
43,Liza,Leheude,lleheude16@posterous.com,42396.08
44,Stewart,Arkley,sarkley17@mayoclinic.com,96198.67
45,Devy,Francesco,dfrancesco18@amazon.co.uk,59579.35
46,Devonne,Peile,dpeile19@creativecommons.org,74274.39
47,Claretta,Beatty,cbeatty1a@fastcompany.com,50565.63
48,Annabell,Slark,aslark1b@phpbb.com,69613.92
49,Francklin,Bengefield,fbengefield1c@foxnews.com,42373.89
50,Laverna,Rabjohns,lrabjohns1d@ocn.ne.jp,91089.93
51,Svend,Grenkov,sgrenkov1e@omniture.com,88254.18
52,Diane-marie,Tidbold,dtidbold1f@cyberchimps.com,92703.85
53,Ruttger,Stoffel,rstoffel1g@bravesites.com,14965.62
54,Danny,Harmson,dharmson1h@taobao.com,84732.87
55,Valdemar,Challicombe,vchallicombe1i@google.co.uk,32511.17
56,Gretta,O'Lunny,golunny1j@360.cn,20956.21
57,Chelsy,Wogan,cwogan1k@mit.edu,73966.34
58,Imelda,Wiggans,iwiggans1l@mozilla.org,36432.12
59,Edvard,Montel,emontel1m@accuweather.com,84700.44
60,Flss,Lusted,flusted1n@umn.edu,88453.94
61,Lindy,Caldairou,lcaldairou1o@vkontakte.ru,48565.96
62,Iago,Jannaway,ijannaway1p@narod.ru,56885.46
63,Care,Lansdown,clansdown1q@last.fm,98758.46
64,Colline,Brindley,cbrindley1r@wired.com,87527.41
65,Hobard,FitzAlan,hfitzalan1s@npr.org,60194.12
66,Reagan,Readshall,rreadshall1t@ameblo.jp,89426.84
67,Cecil,Marc,cmarc1u@technorati.com,92057.73
68,Dwayne,Ferrarotti,dferrarotti1v@github.io,96061.24
69,Aloisia,Davall,adavall1w@clickbank.net,53417.21
70,Gigi,Franzen,gfranzen1x@sbwire.com,66032.21
71,Kathye,Thorogood,kthorogood1y@t.co,72057.68
72,Karlotte,Blewis,kblewis1z@cbsnews.com,27093.52
73,Mason,Hanes,mhanes20@harvard.edu,65624.07
74,Ivory,Nash,inash21@nydailynews.com,24734.57
75,Winnie,O'Nions,wonions22@jugem.jp,62482.43
76,Lyndy,Lusted,llusted23@cdc.gov,51132.39
77,Elyse,Roz,eroz24@ning.com,95473.9
78,Reggi,Rigate,rrigate25@meetup.com,14598.14
79,Tommy,Drance,tdrance26@pen.io,90295.16
80,Adamo,Greenlies,agreenlies27@paypal.com,70810.76
81,Shay,Gookey,sgookey28@1688.com,58699.06
82,Sabine,D'Cruze,sdcruze29@fotki.com,31322.57
83,Morly,Prandy,mprandy2a@trellian.com,82049.88
84,Ainsley,Eagland,aeagland2b@reverbnation.com,63878.43
85,Sholom,Hadleigh,shadleigh2c@pcworld.com,95907.26
86,Crissie,Guilaem,cguilaem2d@omniture.com,23359.13
87,Pippy,Rominov,prominov2e@wikia.com,76637.91
88,Bogart,Rosensaft,brosensaft2f@wikia.com,86645.81
89,Nissy,Portress,nportress2g@salon.com,42513.5
90,Nissie,Novotne,nnovotne2h@addthis.com,71489.75
91,Natty,Ricco,nricco2i@github.io,42440.59
92,Camellia,Heppenspall,cheppenspall2j@prnewswire.com,68504.01
93,Hamil,Denness,hdenness2k@nba.com,94888.65
94,Chase,Lorenzini,clorenzini2l@businessinsider.com,55488.81
95,Jeremy,Besque,jbesque2m@amazon.co.jp,76112.01
96,Edi,Bambury,ebambury2n@nationalgeographic.com,35600.15
97,Dela,Jaspar,djaspar2o@yellowbook.com,68718.39
98,Jenica,Riggott,jriggott2p@rakuten.co.jp,13164.62
99,Lief,Aylin,laylin2q@spiegel.de,77509.49
100,Ruthanne,Wort,rwort2r@oracle.com,69172.14
101,Templeton,Wilce,twilce2s@cocolog-nifty.com,72654.5
102,Bryon,Mixon,bmixon2t@plala.or.jp,89405.58
103,Hogan,Kures,hkures2u@skyrock.com,66350.07
104,Mill,Balme,mbalme2v@earthlink.net,42026.38
105,Lothario,Turmel,lturmel2w@ucla.edu,88219.57
106,Arte,Garrow,agarrow2x@oakley.com,27326.27
107,Riannon,Duchesne,rduchesne2y@liveinternet.ru,97483.62
108,Mateo,Smallcomb,msmallcomb2z@sciencedaily.com,12023.94
109,Durante,Crawcour,dcrawcour30@webnode.com,52175.64
110,Franzen,Maddison,fmaddison31@usnews.com,79565.12
111,Henrieta,Getcliffe,hgetcliffe32@e-recht24.de,83165.67
112,Krysta,Webb,kwebb33@youku.com,64101.29
113,Gino,More,gmore34@wikimedia.org,84911.65
114,Andrew,Chieco,achieco35@amazon.com,97658.36
115,Ron,Esslemont,resslemont36@ihg.com,44485.78
116,Hattie,Burkhill,hburkhill37@yellowpages.com,75029.74
117,Viva,Grocutt,vgrocutt38@webs.com,23705.12
118,Heywood,Stuckley,hstuckley39@hc360.com,99108.77
119,Guy,Kiltie,gkiltie3a@godaddy.com,58277.56
120,Marcus,Lafuente,mlafuente3b@google.com.au,60969.14
121,Marieann,Hartropp,mhartropp3c@discovery.com,22893.57
122,Tiebold,Pylkynyton,tpylkynyton3d@example.com,70449.97
123,Elisabet,Laurens,elaurens3e@blogtalkradio.com,42778.7
124,Bride,Scandrett,bscandrett3f@icq.com,32407.35
125,Roman,Saddleton,rsaddleton3g@vinaora.com,19859.92
126,Lazare,Tincombe,ltincombe3h@boston.com,87207.15
127,Damiano,Durrant,ddurrant3i@blinklist.com,22490.61
128,Marilee,Simonds,msimonds3j@paypal.com,32981.21
129,Ryley,Toffler,rtoffler3k@blogger.com,95844.01
130,Denyse,Frigout,dfrigout3l@craigslist.org,18475.75
131,Babara,Sneezum,bsneezum3m@sfgate.com,52317.57
132,Elva,Arnoll,earnoll3n@mapquest.com,43241.7
133,See,Fownes,sfownes3o@mapquest.com,71453.53
134,Maddy,Scopes,mscopes3p@timesonline.co.uk,63619.83
135,Vivianne,Fasler,vfasler3q@comcast.net,18373.82
136,Chet,Boughen,cboughen3r@jimdo.com,45045.1
137,Dorri,Masarrat,dmasarrat3s@vistaprint.com,56982.59
138,Faun,Ricciardo,fricciardo3t@thetimes.co.uk,32871.51
139,Celle,Kuhndel,ckuhndel3u@usnews.com,58930.43
140,Griswold,Gibbetts,ggibbetts3v@newsvine.com,28642.68
141,West,Morman,wmorman3w@time.com,35094.19
142,Tersina,Phorsby,tphorsby3x@hexun.com,96274.67
143,Lek,Challener,lchallener3y@wikipedia.org,37192.6
144,Axel,O'Keeffe,aokeeffe3z@msu.edu,27432.85
145,Maisie,Wallman,mwallman40@pcworld.com,17164.91
146,Corine,Baack,cbaack41@reuters.com,47604.02
147,Codie,Dossett,cdossett42@chronoengine.com,72579.34
148,Brande,Hurdman,bhurdman43@latimes.com,56140.0
149,Annabelle,Tattam,atattam44@theatlantic.com,51369.69
150,Vaclav,Reilly,vreilly45@printfriendly.com,22854.19
151,Paula,Spiller,pspiller46@ow.ly,20525.54
152,Sherill,Wraxall,swraxall47@un.org,32179.18
153,Cybill,Rulf,crulf48@slideshare.net,75643.61
154,Zondra,Jeduch,zjeduch49@paginegialle.it,86025.59
155,Nelli,Frith,nfrith4a@dagondesign.com,82931.79
156,Jamie,Butterfill,jbutterfill4b@dagondesign.com,51750.09
157,Larina,Ricardot,lricardot4c@cargocollective.com,37890.6
158,Hayyim,Valois,hvalois4d@addthis.com,62130.54
159,Sybyl,Yushachkov,syushachkov4e@dagondesign.com,48133.84
160,Lind,Goodbourn,lgoodbourn4f@vistaprint.com,90650.77
161,Caro,Rumsey,crumsey4g@posterous.com,44684.53
162,Ayn,Oven,aoven4h@uol.com.br,59361.14
163,Dulce,Sperrett,dsperrett4i@kickstarter.com,82776.71
164,Annabel,Balmforth,abalmforth4j@marketwatch.com,62444.91
165,Dulce,Roubottom,droubottom4k@nationalgeographic.com,26481.39
166,Scarlett,Marchand,smarchand4l@europa.eu,29317.77
167,Marcela,McElvogue,mmcelvogue4m@disqus.com,70540.92
168,Jobyna,Hardman,jhardman4n@elpais.com,79063.22
169,Jolie,Proffer,jproffer4o@huffingtonpost.com,39444.08
170,Durand,Wayt,dwayt4p@thetimes.co.uk,48227.32
171,Bentley,Bentzen,bbentzen4q@prlog.org,97677.59
172,Carmita,Pegg,cpegg4r@washingtonpost.com,49690.49
173,Elenore,Legen,elegen4s@youtube.com,35642.83
174,Brant,Kahler,bkahler4t@comcast.net,85656.81
175,Martie,Miklem,mmiklem4u@yolasite.com,28319.14
176,Vinni,Goodbarne,vgoodbarne4v@nyu.edu,76351.58
177,Alexis,Jonsson,ajonsson4w@webeden.co.uk,28222.3
178,Frank,Carus,fcarus4x@edublogs.org,60186.0
179,Kincaid,Toon,ktoon4y@gnu.org,49822.52
180,Gaven,Yurlov,gyurlov4z@goo.gl,57019.89
181,Ozzie,Lyston,olyston50@ucla.edu,76468.17
182,Rosemary,Plampeyn,rplampeyn51@harvard.edu,16304.24
183,Edwin,Winckworth,ewinckworth52@theatlantic.com,74051.75
184,Patrizio,Mayoral,pmayoral53@chron.com,53976.37
185,Paolina,Gallally,pgallally54@examiner.com,76644.86
186,Rab,Creggan,rcreggan55@jigsy.com,22944.94
187,Art,Chippindale,achippindale56@nsw.gov.au,17865.43
188,Rey,Conrard,rconrard57@usnews.com,14200.85
189,Tucker,Sacaze,tsacaze58@china.com.cn,69412.32
190,Purcell,Drinkwater,pdrinkwater59@topsy.com,50053.24
191,Ethelda,Kilshall,ekilshall5a@sun.com,38724.97
192,Guthrey,Cadding,gcadding5b@whitehouse.gov,87693.36
193,Donnell,Norheny,dnorheny5c@homestead.com,13582.38
194,Willi,Pittock,wpittock5d@webeden.co.uk,34282.35
195,Christel,Janman,cjanman5e@google.com.br,72102.37
196,Orv,Leipnik,oleipnik5f@shop-pro.jp,11410.62
197,Remus,Deverille,rdeverille5g@si.edu,85879.9
198,Amanda,Tyers,atyers5h@jalbum.net,80401.89
199,Mara,Bricksey,mbricksey5i@geocities.jp,18365.63
200,Cathee,Doodney,cdoodney5j@hao123.com,37409.91
201,Pierce,Marcussen,pmarcussen5k@theatlantic.com,98196.31
202,Geno,Kittoe,gkittoe5l@google.com.au,21085.19
203,Harrison,Vickors,hvickors5m@bravesites.com,98594.49
204,Selinda,Geldert,sgeldert5n@technorati.com,51747.47
205,Karissa,Spurdens,kspurdens5o@networksolutions.com,10838.0
206,Timofei,Glashby,tglashby5p@vistaprint.com,30214.54
207,Flynn,Bolus,fbolus5q@mozilla.org,36518.39
208,Butch,Paulack,bpaulack5r@indiegogo.com,64217.87
209,Gwenny,Kuhne,gkuhne5s@flavors.me,80355.62
210,Reggy,Wogan,rwogan5t@ebay.com,12308.94
211,Althea,Van Weedenburg,avanweedenburg5u@behance.net,90598.43
212,Rikki,Davidai,rdavidai5v@vk.com,42531.21
213,Ardelia,Hosten,ahosten5w@oaic.gov.au,53721.51
214,Jamill,Cocci,jcocci5x@flickr.com,11973.7
215,Marge,Botger,mbotger5y@nyu.edu,96346.48
216,Xylia,Papworth,xpapworth5z@ucla.edu,48809.04
217,Wini,Ashworth,washworth60@theguardian.com,69016.72
218,Boris,Jane,bjane61@dion.ne.jp,43097.86
219,Gussie,Fontenot,gfontenot62@mlb.com,99036.43
220,Felipa,Lammerich,flammerich63@auda.org.au,35602.32
221,Gardner,Addicote,gaddicote64@discuz.net,53951.34
222,Gilberto,Deighan,gdeighan65@prweb.com,96152.11
223,Kimberlyn,Timmons,ktimmons66@altervista.org,95855.97
224,Ryan,Blakelock,rblakelock67@photobucket.com,31507.86
225,Perceval,Wyche,pwyche68@1688.com,22609.07
226,Margaretta,Flannery,mflannery69@cdbaby.com,57357.68
227,Rafi,Obern,robern6a@people.com.cn,56484.04
228,Janetta,Josefs,jjosefs6b@hostgator.com,65508.85
229,Jared,Novelli,jnovelli6c@sourceforge.net,78958.65
230,Brian,Karlolak,bkarlolak6d@craigslist.org,70811.2
231,Ritchie,Habbeshaw,rhabbeshaw6e@bluehost.com,32239.02
232,Cathryn,Morris,cmorris6f@house.gov,38769.7
233,Nicoli,Bruyet,nbruyet6g@cloudflare.com,51023.33
234,Mervin,Shoutt,mshoutt6h@ftc.gov,73892.04
235,Derick,Kuhnhardt,dkuhnhardt6i@webmd.com,76010.65
236,Ingeberg,Wolfendale,iwolfendale6j@symantec.com,19684.38
237,Vivianna,Groom,vgroom6k@mashable.com,38583.97
238,Chad,MacCartair,cmaccartair6l@go.com,22140.41
239,Rubia,Robilart,rrobilart6m@yahoo.co.jp,54003.38
240,Regen,Leggatt,rleggatt6n@hc360.com,25264.02
241,Dex,Witchell,dwitchell6o@spotify.com,95714.88
242,Olvan,Dorrell,odorrell6p@woothemes.com,57029.57
243,Livvy,Bayldon,lbayldon6q@dell.com,52455.32
244,Clayton,Piddlesden,cpiddlesden6r@goo.gl,42826.66
245,Linnet,Headech,lheadech6s@flickr.com,22019.51
246,Gray,Bale,gbale6t@salon.com,89837.5
247,Millard,Knock,mknock6u@slideshare.net,41559.07
248,Huey,Hawkey,hhawkey6v@kickstarter.com,23855.34
249,Otto,Whiteway,owhiteway6w@shutterfly.com,62508.81
250,Gussy,Klewer,gklewer6x@disqus.com,62554.11
251,Sheri,Alton,salton6y@chicagotribune.com,83326.05
252,Elie,Cowley,ecowley6z@china.com.cn,46910.33
253,Pippo,Bartalot,pbartalot70@baidu.com,41147.47
254,Windy,Wildman,wwildman71@seesaa.net,56905.43
255,Briny,Noweak,bnoweak72@tripod.com,37310.91
256,Lin,Pledge,lpledge73@accuweather.com,11455.26
257,Charmaine,Abrey,cabrey74@shop-pro.jp,30418.38
258,Johnny,Guiton,jguiton75@1688.com,18873.49
259,Myles,Rignold,mrignold76@mlb.com,24419.9
260,Marline,Pieterick,mpieterick77@is.gd,79053.05
261,Salli,Wehden,swehden78@netscape.com,32749.84
262,Gaylord,Tudor,gtudor79@bigcartel.com,96027.76
263,Whitney,Guice,wguice7a@japanpost.jp,46261.41
264,Roarke,Coot,rcoot7b@drupal.org,10236.7
265,Gibby,Worling,gworling7c@1und1.de,26457.11
266,Jennifer,Clarae,jclarae7d@cyberchimps.com,26070.22
267,Edyth,Cornier,ecornier7e@biglobe.ne.jp,15541.94
268,Willow,Cornwell,wcornwell7f@storify.com,31900.1
269,Debby,Websdale,dwebsdale7g@bravesites.com,21358.96
270,Car,Kender,ckender7h@globo.com,97055.86
271,Lyndsay,Stollen,lstollen7i@patch.com,77556.55
272,Cherida,Bellew,cbellew7j@macromedia.com,23882.19
273,Odella,Gurery,ogurery7k@adobe.com,93326.6
274,Reeta,Sowerbutts,rsowerbutts7l@yandex.ru,41522.57
275,Valina,Izard,vizard7m@msu.edu,85869.6
276,Barnabe,Reubens,breubens7n@eepurl.com,28547.71
277,Dian,Eggerton,deggerton7o@ycombinator.com,12131.17
278,Karleen,Belden,kbelden7p@angelfire.com,10946.98
279,Millisent,Mattiazzo,mmattiazzo7q@ebay.com,60180.39
280,Sharon,Skull,sskull7r@google.ru,52208.02
281,Hastings,Schwerin,hschwerin7s@amazon.de,62772.15
282,Basia,Fusedale,bfusedale7t@nasa.gov,34175.19
283,Cathie,Bollands,cbollands7u@amazon.co.uk,41956.58
284,Heath,Cohani,hcohani7v@arstechnica.com,37678.82
285,Roberta,Dibble,rdibble7w@nydailynews.com,63221.6
286,Tabbie,Evershed,tevershed7x@moonfruit.com,18410.85
287,Dick,Gyurko,dgyurko7y@ihg.com,66259.64
288,Debera,Arnison,darnison7z@stumbleupon.com,42300.94
289,Gordan,Hechlin,ghechlin80@sfgate.com,14199.68
290,Ike,Luckey,iluckey81@netvibes.com,65473.11
291,Rennie,Santhouse,rsanthouse82@discuz.net,65681.08
292,Arnold,Goundsy,agoundsy83@sourceforge.net,86451.87
293,Jocelyn,Franzke,jfranzke84@jigsy.com,33554.54
294,Barde,Anscott,banscott85@woothemes.com,40676.0
295,Humbert,Tarbert,htarbert86@reverbnation.com,24674.35
296,Konstance,Leydon,kleydon87@china.com.cn,94718.34
297,Rowe,Dowzell,rdowzell88@hc360.com,86070.76
298,Donella,Luckhurst,dluckhurst89@google.com.au,30567.0
299,Ilsa,Aldwich,ialdwich8a@ustream.tv,41537.01
300,Johna,Cory,jcory8b@howstuffworks.com,48567.67
301,Toby,Seawell,tseawell8c@tiny.cc,20271.61
302,Leonanie,Hardwin,lhardwin8d@liveinternet.ru,37452.9
303,Agnella,Palomba,apalomba8e@sina.com.cn,87424.56
304,Consuelo,McMichan,cmcmichan8f@webnode.com,76850.02
305,Noelani,Molineux,nmolineux8g@pen.io,15774.08
306,Gorden,Mutch,gmutch8h@reddit.com,25081.49
307,Janine,Lettley,jlettley8i@jiathis.com,73326.06
308,Janeva,Beeckx,jbeeckx8j@epa.gov,21389.54
309,Carney,Stiegars,cstiegars8k@fastcompany.com,81303.14
310,Abbye,Rosenau,arosenau8l@geocities.com,93464.85
311,Hilary,Cowwell,hcowwell8m@digg.com,83352.82
312,Philly,Cocci,pcocci8n@etsy.com,68629.45
313,Chrotoem,Malcolmson,cmalcolmson8o@go.com,69337.72
314,Saba,Gerok,sgerok8p@cbc.ca,54225.26
315,Tricia,Ratledge,tratledge8q@hc360.com,35447.83
316,Ayn,Sandy,asandy8r@cdbaby.com,68947.0
317,Katharine,Cretney,kcretney8s@marriott.com,83498.52
318,Vail,Beefon,vbeefon8t@tiny.cc,42738.32
319,Towney,Donaway,tdonaway8u@dailymotion.com,96578.35
320,Sherie,Duberry,sduberry8v@craigslist.org,39308.75
321,Elwood,Francais,efrancais8w@fotki.com,34240.3
322,Rebeka,Trenaman,rtrenaman8x@rediff.com,17645.33
323,Anne-corinne,Maier,amaier8y@tiny.cc,22530.52
324,Roselia,Pogosian,rpogosian8z@biblegateway.com,68159.85
325,Chanda,Watmough,cwatmough90@alibaba.com,99608.56
326,Jack,Weild,jweild91@google.com,97934.14
327,Igor,Spiby,ispiby92@xinhuanet.com,96566.3
328,Derward,Sutehall,dsutehall93@comsenz.com,54207.85
329,Pamella,Biscomb,pbiscomb94@dedecms.com,50311.03
330,Hettie,Srawley,hsrawley95@nifty.com,22578.16
331,Gareth,Karpychev,gkarpychev96@wordpress.com,49403.37
332,Elsy,Spellward,espellward97@uiuc.edu,10055.65
333,Corene,Chree,cchree98@diigo.com,84544.44
334,Shurlock,Cosham,scosham99@fema.gov,21200.24
335,Yevette,Ure,yure9a@kickstarter.com,31074.83
336,Roxie,Jewis,rjewis9b@virginia.edu,21370.96
337,Diego,Dunley,ddunley9c@theatlantic.com,57266.78
338,Neely,Cromack,ncromack9d@state.gov,30315.01
339,Oberon,Patkin,opatkin9e@surveymonkey.com,38878.67
340,Lilly,De Castri,ldecastri9f@telegraph.co.uk,47388.64
341,Chantal,Gonin,cgonin9g@mlb.com,95361.18
342,Yalonda,Assiratti,yassiratti9h@pcworld.com,31302.53
343,Thoma,Rhoddie,trhoddie9i@addthis.com,38164.91
344,Gaile,Trew,gtrew9j@marriott.com,78846.5
345,Gamaliel,Beagan,gbeagan9k@seattletimes.com,14371.7
346,Knox,Alelsandrovich,kalelsandrovich9l@vimeo.com,24631.95
347,Burtie,Ronci,bronci9m@sfgate.com,58991.72
348,Gertie,Bere,gbere9n@technorati.com,79596.59
349,Sterling,Feighry,sfeighry9o@tuttocitta.it,56212.27
350,Alikee,O'Hannigan,aohannigan9p@pcworld.com,11698.42
351,Winthrop,Mably,wmably9q@t.co,11637.63
352,Friedrick,Burel,fburel9r@goo.ne.jp,67450.02
353,Dorette,Darrel,ddarrel9s@chicagotribune.com,58185.17
354,Lauryn,Velten,lvelten9t@guardian.co.uk,67329.9
355,Lydie,Cope,lcope9u@utexas.edu,99559.25
356,Cristy,Jahan,cjahan9v@sciencedirect.com,29196.49
357,Angel,Pedler,apedler9w@lycos.com,22681.44
358,Merwyn,Nunnerley,mnunnerley9x@huffingtonpost.com,55436.19
359,Peadar,Clouter,pclouter9y@scientificamerican.com,91744.56
360,Boy,Chataignier,bchataignier9z@microsoft.com,20615.33
361,Kipper,Titchard,ktitcharda0@oaic.gov.au,65070.96
362,Gabi,Danilchenko,gdanilchenkoa1@csmonitor.com,59190.47
363,Winonah,Parvin,wparvina2@gnu.org,39774.96
364,Merrie,Pinkerton,mpinkertona3@ning.com,39351.73
365,Adriano,Nono,anonoa4@accuweather.com,25876.18
366,Bernelle,Garrard,bgarrarda5@shareasale.com,71221.86
367,Gay,Clardge,gclardgea6@sbwire.com,46139.39
368,Euphemia,Fronks,efronksa7@cafepress.com,70365.41
369,Erasmus,Walklott,ewalklotta8@elegantthemes.com,11606.98
370,Konstanze,O'Hartnett,kohartnetta9@slashdot.org,12398.1
371,Merrielle,Isaac,misaacaa@omniture.com,60906.07
372,Mackenzie,Mallinar,mmallinarab@wiley.com,65324.58
373,Patrizia,Gouldstraw,pgouldstrawac@last.fm,25573.36
374,Anna,Gitthouse,agitthousead@usgs.gov,99062.89
375,Levy,Limpertz,llimpertzae@usgs.gov,30688.17
376,Udale,Andrysiak,uandrysiakaf@twitter.com,87493.97
377,Valerye,Hain,vhainag@mayoclinic.com,37772.28
378,Melisandra,Wallentin,mwallentinah@comsenz.com,98368.88
379,Yardley,Swaton,yswatonai@un.org,96889.44
380,Reine,Irvine,rirvineaj@digg.com,79864.81
381,Perceval,Vecard,pvecardak@marriott.com,72776.28
382,Robert,Zannolli,rzannollial@java.com,56108.5
383,Hastings,Alfonsini,halfonsiniam@eepurl.com,28993.12
384,Marijn,Aland,malandan@arizona.edu,55304.32
385,Mathian,Purchase,mpurchaseao@aboutads.info,97058.01
386,Trip,Dunabie,tdunabieap@t.co,75058.8
387,Sigismundo,Littlekit,slittlekitaq@yellowpages.com,10444.5
388,Ainsley,Tomaini,atomainiar@yahoo.com,96394.9
389,Melamie,Nicholes,mnicholesas@nytimes.com,71275.29
390,Maurise,Conibeer,mconibeerat@dmoz.org,22048.54
391,Dennie,Mityashev,dmityashevau@dailymotion.com,69317.47
392,Fallon,Allday,falldayav@sun.com,42855.47
393,Arabele,Filisov,afilisovaw@photobucket.com,34992.99
394,Noach,Clawley,nclawleyax@tmall.com,78163.12
395,Karilynn,Eastham,keasthamay@gov.uk,91502.3
396,Brinna,Ridout,bridoutaz@seattletimes.com,44734.03
397,Cortie,Ostridge,costridgeb0@macromedia.com,73830.34
398,Urbano,Belson,ubelsonb1@thetimes.co.uk,75579.75
399,Maryl,Wards,mwardsb2@so-net.ne.jp,21789.06
400,Brina,Joynson,bjoynsonb3@etsy.com,32219.45
401,Camille,Bywater,cbywaterb4@netvibes.com,65466.84
402,Bartram,Leffek,bleffekb5@g.co,30586.11
403,Vincenz,Skettles,vskettlesb6@aboutads.info,25374.63
404,Adrienne,Hickenbottom,ahickenbottomb7@cnn.com,77814.6
405,Ana,Trevithick,atrevithickb8@forbes.com,77129.4
406,Kipper,Small,ksmallb9@tmall.com,12458.14
407,Bryon,Clouston,bcloustonba@usgs.gov,89574.22
408,Ricki,Heyfield,rheyfieldbb@nytimes.com,66545.86
409,Alexandre,Phillips,aphillipsbc@instagram.com,95678.78
410,Meggi,Windsor,mwindsorbd@usnews.com,51887.71
411,Benjy,Gallimore,bgallimorebe@netvibes.com,87858.05
412,Rozella,Lunck,rlunckbf@hc360.com,38629.13
413,Tobin,Boggis,tboggisbg@google.co.uk,57242.16
414,Shandra,Tye,styebh@zdnet.com,14164.03
415,Scarlet,Dranfield,sdranfieldbi@sourceforge.net,40894.66
416,Retha,Durie,rduriebj@acquirethisname.com,20373.14
417,Bibbye,Ayllett,bayllettbk@wikimedia.org,45849.93
418,Sula,Sieve,ssievebl@liveinternet.ru,49102.77
419,Isaac,Sherston,isherstonbm@4shared.com,89550.29
420,Reggi,Fattore,rfattorebn@netlog.com,85193.13
421,Cordell,Asp,caspbo@reference.com,24498.42
422,Mikael,Upwood,mupwoodbp@hao123.com,17189.3
423,Kathye,Drust,kdrustbq@sun.com,81265.45
424,Katleen,Bethune,kbethunebr@parallels.com,93775.92
425,Sergio,Cordero,scorderobs@trellian.com,35789.98
426,Yulma,Brouwer,ybrouwerbt@elpais.com,72443.45
427,Nelli,Spottiswoode,nspottiswoodebu@1688.com,33554.61
428,Estella,Sawyer,esawyerbv@bizjournals.com,10992.0
429,Malissa,Sherbourne,msherbournebw@altervista.org,98864.94
430,Bertina,Restill,brestillbx@ehow.com,60546.14
431,Vicky,Jonczyk,vjonczykby@chicagotribune.com,55835.61
432,Romain,Tenney,rtenneybz@mashable.com,83244.93
433,Fancie,Gasparro,fgasparroc0@hibu.com,37496.22
434,Ivy,Donson,idonsonc1@macromedia.com,18694.26
435,Enos,Stansall,estansallc2@japanpost.jp,13516.44
436,Nichol,Brafferton,nbraffertonc3@netscape.com,43808.47
437,Lishe,Perrelle,lperrellec4@wikimedia.org,62156.16
438,Faustine,Barnewall,fbarnewallc5@is.gd,12495.63
439,Renard,Gliddon,rgliddonc6@tripadvisor.com,67737.99
440,Ollie,Wort,owortc7@howstuffworks.com,43999.33
441,Trudey,Corain,tcorainc8@dailymotion.com,50253.61
442,Giorgio,Rowling,growlingc9@sakura.ne.jp,82902.86
443,Anissa,Bullion,abullionca@house.gov,41416.79
444,Jsandye,Phillipson,jphillipsoncb@mysql.com,85407.33
445,Melisandra,Wapplington,mwapplingtoncc@wikia.com,93611.59
446,Hank,Brunt,hbruntcd@rediff.com,64277.55
447,Tabitha,Pinar,tpinarce@xinhuanet.com,17151.2
448,Gusta,Benion,gbenioncf@hud.gov,54640.2
449,Stanton,Swetman,sswetmancg@dot.gov,63084.84
450,Adrienne,Ledrane,aledranech@1und1.de,76407.95
451,Clotilda,Sauniere,csauniereci@businesswire.com,31723.25
452,Frants,Heinzler,fheinzlercj@skyrock.com,57221.1
453,Jocelyn,Castro,jcastrock@springer.com,52185.46
454,Cleopatra,Kindon,ckindoncl@examiner.com,49205.52
455,Drusy,Warlock,dwarlockcm@google.com.hk,18362.73
456,Mar,Hunston,mhunstoncn@shop-pro.jp,55391.41
457,Bonita,Bockin,bbockinco@altervista.org,35961.79
458,Sim,Padell,spadellcp@rambler.ru,59326.95
459,Trude,Sturney,tsturneycq@cbslocal.com,88511.61
460,Maia,Cunah,mcunahcr@indiegogo.com,48526.59
461,Cozmo,Huxter,chuxtercs@cnbc.com,95004.04
462,Lars,Ruslin,lruslinct@zdnet.com,72205.4
463,Dara,Swetman,dswetmancu@wikia.com,56804.04
464,Robinette,Rowston,rrowstoncv@tinyurl.com,56743.07
465,Cathryn,Cowhig,ccowhigcw@sogou.com,95835.43
466,Barnaby,Roskrug,broskrugcx@eepurl.com,34629.41
467,Haily,Crowest,hcrowestcy@huffingtonpost.com,35415.48
468,Tammara,Dysert,tdysertcz@china.com.cn,30096.94
469,Matilde,Rizzi,mrizzid0@mapy.cz,37644.78
470,Sonia,Jolley,sjolleyd1@smugmug.com,90578.09
471,Francoise,Revening,freveningd2@diigo.com,94969.28
472,Bernadette,Joul,bjould3@apache.org,25580.83
473,Therese,Sleeny,tsleenyd4@dedecms.com,47767.43
474,Baron,Feather,bfeatherd5@naver.com,98174.1
475,Molli,Domenichini,mdomenichinid6@java.com,18087.13
476,Anna-diana,Matiewe,amatiewed7@lycos.com,17311.2
477,Cherlyn,McCoy,cmccoyd8@guardian.co.uk,73699.62
478,Letisha,Concklin,lconcklind9@w3.org,87524.45
479,Bryon,Bywater,bbywaterda@aboutads.info,67970.44
480,Calhoun,Sapson,csapsondb@slideshare.net,33960.1
481,Janetta,Iacopo,jiacopodc@sohu.com,26067.69
482,Perrine,Calken,pcalkendd@adobe.com,12602.54
483,Orsola,Jeannon,ojeannonde@blogger.com,96873.78
484,Duky,Imrie,dimriedf@psu.edu,15746.71
485,Sarina,Reeme,sreemedg@bandcamp.com,26673.96
486,Jules,Blinckhorne,jblinckhornedh@surveymonkey.com,28059.94
487,Nicol,Slader,nsladerdi@nifty.com,33118.85
488,Pauly,Kingsland,pkingslanddj@nps.gov,92119.28
489,Sunny,Gile,sgiledk@mac.com,38880.3
490,Onofredo,Newham,onewhamdl@bandcamp.com,91835.15
491,Jerrine,Rickets,jricketsdm@netscape.com,27367.65
492,Yves,Monck,ymonckdn@bbb.org,97046.29
493,Avie,Desforges,adesforgesdo@t.co,34191.51
494,Lyell,Gogan,lgogandp@etsy.com,26710.18
495,Clim,Reihm,creihmdq@ibm.com,22185.55
496,Marc,Toman,mtomandr@boston.com,76633.65
497,Sisile,Bernardeschi,sbernardeschids@phoca.cz,79288.52
498,Ody,MacDunlevy,omacdunlevydt@printfriendly.com,39486.69
499,Oberon,Dowdam,odowdamdu@creativecommons.org,27821.15
500,Maurice,Tenby,mtenbydv@census.gov,57887.2
501,Octavius,Juschka,ojuschkadw@wikipedia.org,15571.8
502,Ondrea,Gyorgy,ogyorgydx@accuweather.com,47790.23
503,Simmonds,McClifferty,smccliffertydy@weibo.com,67595.03
504,Joan,Stancliffe,jstancliffedz@va.gov,56441.13
505,Sayre,Pullan,spullane0@mit.edu,13235.26
506,Geneva,Harrower,gharrowere1@cnn.com,37941.18
507,Dag,Tremollet,dtremollete2@baidu.com,59016.91
508,Kamillah,MacAdie,kmacadiee3@free.fr,46130.25
509,Isac,Chaundy,ichaundye4@simplemachines.org,86769.96
510,Petronille,Bannester,pbannestere5@unesco.org,81190.89
511,Tamar,Fredi,tfredie6@illinois.edu,16487.89
512,Bailey,Mollnar,bmollnare7@printfriendly.com,35389.38
513,Miguel,Emes,memese8@weather.com,57261.64
514,Martie,Linturn,mlinturne9@globo.com,88047.91
515,Fabio,Matic,fmaticea@amazon.com,94932.26
516,Lula,Mulrean,lmulreaneb@pcworld.com,71924.68
517,Dom,Oldridge,doldridgeec@biglobe.ne.jp,38877.46
518,Loralee,Lavin,llavined@dyndns.org,26966.79
519,Patric,Serjeant,pserjeantee@google.fr,93633.45
520,Beatrice,Shower,bshoweref@japanpost.jp,77898.08
521,Lauretta,Gheraldi,lgheraldieg@a8.net,91139.46
522,Michale,Ceaplen,mceapleneh@netlog.com,10425.06
523,Zulema,Dreini,zdreiniei@devhub.com,85661.92
524,Julie,Mold,jmoldej@youku.com,37077.72
525,Ephrayim,Bridat,ebridatek@de.vu,53669.54
526,Karlotta,Cadigan,kcadiganel@ucoz.com,25514.61
527,Devi,Haslen,dhaslenem@wikispaces.com,64066.9
528,Evangelin,Franey,efraneyen@army.mil,22922.4
529,Cherye,Greig,cgreigeo@lycos.com,68382.8
530,Kathleen,Anan,kananep@aboutads.info,15560.76
531,Tremain,Jandel,tjandeleq@dropbox.com,92557.16
532,Pansie,Marchant,pmarchanter@guardian.co.uk,19727.72
533,Buddie,D'Souza,bdsouzaes@deliciousdays.com,73654.53
534,Calvin,Smurthwaite,csmurthwaiteet@comcast.net,75500.26
535,Almira,Aspray,aasprayeu@hao123.com,19935.81
536,Leone,Saylor,lsaylorev@baidu.com,85724.26
537,Darin,Hould,dhouldew@apache.org,14928.72
538,Flss,Snowding,fsnowdingex@yellowbook.com,36560.75
539,Korey,Blasli,kblasliey@auda.org.au,43107.25
540,Etienne,Rogeon,erogeonez@freewebs.com,52334.26
541,Carma,Pinnell,cpinnellf0@themeforest.net,87208.83
542,Sloan,Bloodworthe,sbloodworthef1@xinhuanet.com,37873.27
543,Thorndike,Bryer,tbryerf2@dedecms.com,59794.61
544,Micky,Dudbridge,mdudbridgef3@storify.com,26465.82
545,Maison,Siddell,msiddellf4@a8.net,77970.2
546,Zuzana,Simoneau,zsimoneauf5@gmpg.org,46379.03
547,Wallis,Stubbington,wstubbingtonf6@odnoklassniki.ru,58107.88
548,Natividad,Bamb,nbambf7@typepad.com,46757.92
549,Ody,Whatham,owhathamf8@trellian.com,93971.34
550,Frederica,Thunnercliff,fthunnerclifff9@privacy.gov.au,55363.96
551,Irina,Haliburton,ihaliburtonfa@wordpress.org,12563.39
552,Joye,Tuberfield,jtuberfieldfb@github.io,45149.63
553,Molli,Bamford,mbamfordfc@google.co.jp,30674.25
554,Arvin,Mcasparan,amcasparanfd@pen.io,76058.11
555,Wolfie,Jobson,wjobsonfe@gmpg.org,95308.63
556,Pieter,Swindon,pswindonff@earthlink.net,44016.37
557,Thomasina,Fley,tfleyfg@shinystat.com,72042.18
558,Ellene,Roobottom,eroobottomfh@umn.edu,60413.56
559,Darcey,Pirrey,dpirreyfi@patch.com,68071.1
560,Chase,Giuroni,cgiuronifj@blogger.com,68369.09
561,Flint,Kovacs,fkovacsfk@google.fr,23303.39
562,Angelika,Chalcroft,achalcroftfl@goodreads.com,25269.72
563,Eudora,Mosdill,emosdillfm@tripadvisor.com,98024.26
564,Cynthie,Schechter,cschechterfn@mozilla.com,82933.73
565,Saunderson,Vinten,svintenfo@unblog.fr,25215.22
566,Bo,Goggins,bgogginsfp@instagram.com,47034.15
567,Bertina,Jennaway,bjennawayfq@nhs.uk,53992.86
568,Deidre,Dugdale,ddugdalefr@miitbeian.gov.cn,39920.13
569,Sunny,Scantlebury,sscantleburyfs@timesonline.co.uk,26729.93
570,Veronika,Ebbin,vebbinft@flickr.com,61863.41
571,Kinna,Wabb,kwabbfu@java.com,30037.63
572,Natala,Jozwiak,njozwiakfv@nydailynews.com,27931.61
573,Modesta,Dow,mdowfw@netscape.com,44283.97
574,Gard,Evetts,gevettsfx@bing.com,77502.05
575,Odele,Kubacek,okubacekfy@imageshack.us,66795.52
576,Kimble,Cham,kchamfz@livejournal.com,49194.5
577,Corbin,Roggers,croggersg0@youtu.be,80662.43
578,Carla,McClymond,cmcclymondg1@flavors.me,77025.8
579,Fifine,Truce,ftruceg2@vk.com,65651.81
580,Lynette,Taborre,ltaborreg3@ycombinator.com,65386.81
581,Desiree,Roots,drootsg4@angelfire.com,23782.94
582,Amaleta,Roddy,aroddyg5@163.com,68846.92
583,Alessandra,Cassely,acasselyg6@apache.org,63864.42
584,Goober,Yaknov,gyaknovg7@elpais.com,74382.12
585,Moreen,Oldacre,moldacreg8@mit.edu,49120.77
586,Cortie,Stubs,cstubsg9@yandex.ru,44414.39
587,Amabel,Ricciardello,aricciardelloga@sciencedaily.com,51528.77
588,Mose,Brien,mbriengb@narod.ru,32861.22
589,Kimberley,Sedgeman,ksedgemangc@businessweek.com,44685.7
590,Orson,Harcus,oharcusgd@alexa.com,41638.74
591,Rivkah,Griffey,rgriffeyge@mapy.cz,21651.13
592,Sargent,Szepe,sszepegf@usa.gov,30893.5
593,Cammi,Lancaster,clancastergg@wisc.edu,63666.85
594,Cherlyn,Simoneau,csimoneaugh@mit.edu,38060.68
595,Aviva,Climson,aclimsongi@whitehouse.gov,30763.79
596,Devon,Rooke,drookegj@mediafire.com,17569.51
597,Laryssa,Paylie,lpayliegk@irs.gov,45559.63
598,Jareb,Stringer,jstringergl@goo.ne.jp,65291.82
599,Marney,Headington,mheadingtongm@naver.com,35574.52
600,Davidde,Cumberbatch,dcumberbatchgn@netscape.com,86090.7
601,Dalton,Bielby,dbielbygo@amazon.com,91681.03
602,Leonard,Gelland,lgellandgp@goo.ne.jp,19245.88
603,Shelby,Braiden,sbraidengq@webmd.com,96780.62
604,Maegan,Pinfold,mpinfoldgr@merriam-webster.com,31205.53
605,Janina,Billion,jbilliongs@constantcontact.com,84082.51
606,Farly,Beausang,fbeausanggt@economist.com,25155.79
607,Deina,Bertie,dbertiegu@topsy.com,90911.96
608,Janina,Aronowitz,jaronowitzgv@ebay.co.uk,67534.14
609,Gallard,Cridlan,gcridlangw@e-recht24.de,25443.35
610,Ralina,Cicccitti,rcicccittigx@disqus.com,36459.67
611,Mareah,McRobbie,mmcrobbiegy@stumbleupon.com,63558.54
612,Jorry,Slimmon,jslimmongz@last.fm,98262.39
613,Xylina,Rounding,xroundingh0@goo.gl,95951.76
614,Alison,Bhatia,abhatiah1@tuttocitta.it,17672.48
615,Ruddy,Topper,rtopperh2@constantcontact.com,43358.42
616,Jehanna,Dawkins,jdawkinsh3@discuz.net,31902.31
617,Rhonda,Pargeter,rpargeterh4@xing.com,89032.04
618,Doug,Douty,ddoutyh5@google.de,50866.17
619,Gregorio,Cusack,gcusackh6@eventbrite.com,57180.78
620,Hobey,Onians,honiansh7@google.fr,25862.92
621,Paula,Chomicz,pchomiczh8@wufoo.com,98998.98
622,Gauthier,Harring,gharringh9@e-recht24.de,16874.43
623,Baillie,Matusov,bmatusovha@edublogs.org,64081.27
624,Jere,Sare,jsarehb@house.gov,46894.67
625,Patin,Gallop,pgallophc@irs.gov,69917.26
626,Martha,Malkinson,mmalkinsonhd@so-net.ne.jp,72452.26
627,Lyon,Rosle,lroslehe@multiply.com,19245.01
628,Jodie,Whitbread,jwhitbreadhf@studiopress.com,56274.18
629,Lynsey,Skermer,lskermerhg@gov.uk,67199.59
630,Amanda,Bonafacino,abonafacinohh@pcworld.com,88726.96
631,Georas,Barsby,gbarsbyhi@discovery.com,57466.8
632,Kaye,Escot,kescothj@ocn.ne.jp,63754.14
633,Lynett,Abbet,labbethk@canalblog.com,30066.71
634,Royall,Kleynermans,rkleynermanshl@shutterfly.com,52505.8
635,Carmelita,Toffanini,ctoffaninihm@xrea.com,94012.03
636,Aluino,Sidgwick,asidgwickhn@sourceforge.net,79965.95
637,Mady,Burnhard,mburnhardho@ucsd.edu,45063.72
638,Tamarra,Jewell,tjewellhp@networkadvertising.org,63464.49
639,Yevette,Loddon,yloddonhq@list-manage.com,82787.15
640,Nikki,Borrel,nborrelhr@t.co,63952.89
641,Jacquie,Baxendale,jbaxendalehs@hao123.com,10643.57
642,Felicdad,Rhucroft,frhucroftht@sina.com.cn,52957.4
643,Scarlet,Wiggins,swigginshu@ebay.co.uk,72813.58
644,Jock,Beidebeke,jbeidebekehv@mysql.com,46247.92
645,Tandy,Aguirrezabala,taguirrezabalahw@ed.gov,23008.12
646,Lori,Wickliffe,lwickliffehx@barnesandnoble.com,80030.46
647,Maddy,Velez,mvelezhy@google.de,85278.16
648,Pierette,Burgum,pburgumhz@google.com,59523.15
649,Man,Leasor,mleasori0@ow.ly,14490.49
650,Mikel,Laneham,mlanehami1@nyu.edu,32192.02
651,Dolf,Bootman,dbootmani2@patch.com,50688.38
652,Skippy,Tallach,stallachi3@msu.edu,42664.06
653,Darin,Scopyn,dscopyni4@themeforest.net,89489.22
654,Bev,Dyer,bdyeri5@about.com,70290.56
655,Darill,Margaritelli,dmargaritellii6@sciencedirect.com,99083.94
656,Arleyne,Ridges,aridgesi7@gnu.org,88116.55
657,Laura,Lipson,llipsoni8@sphinn.com,79963.87
658,Juliann,Aleavy,jaleavyi9@fema.gov,46696.69
659,Tonnie,Bartlosz,tbartloszia@skyrock.com,65586.44
660,Latia,Clatworthy,lclatworthyib@pinterest.com,82819.67
661,Zaccaria,Hairs,zhairsic@smh.com.au,63892.47
662,Becky,Ruffle,bruffleid@examiner.com,24620.13
663,Rana,Goulden,rgouldenie@businesswire.com,51572.22
664,Roma,Orsi,rorsiif@quantcast.com,28538.76
665,Maddie,Armatidge,marmatidgeig@unblog.fr,72368.58
666,Hally,Witherspoon,hwitherspoonih@qq.com,60023.56
667,Stanislaus,Weare,sweareii@hugedomains.com,10797.2
668,Hana,Satcher,hsatcherij@prnewswire.com,77227.7
669,Mia,Massard,mmassardik@omniture.com,28014.58
670,Krissie,Agget,kaggetil@zimbio.com,46860.16
671,Drona,Kemish,dkemishim@illinois.edu,53847.59
672,Tod,Bagnal,tbagnalin@unblog.fr,30474.4
673,Cele,Letch,cletchio@yale.edu,11960.54
674,Rey,Pepin,rpepinip@arizona.edu,73472.42
675,Anthea,Biaggelli,abiaggelliiq@mashable.com,53135.31
676,Bride,Dawidowitsch,bdawidowitschir@indiegogo.com,49473.53
677,Selle,Bachura,sbachurais@dailymail.co.uk,99556.53
678,Dorolice,Cancelier,dcancelierit@networksolutions.com,74132.7
679,Constantino,Chrismas,cchrismasiu@sakura.ne.jp,87726.97
680,Barn,Dossettor,bdossettoriv@google.ru,87837.8
681,Elia,Rebert,erebertiw@hexun.com,78554.96
682,Corbie,Caghy,ccaghyix@angelfire.com,10522.61
683,Robena,Wickens,rwickensiy@free.fr,18394.86
684,Jodee,Newling,jnewlingiz@lycos.com,56944.79
685,Nikkie,Langlands,nlanglandsj0@dailymail.co.uk,89424.14
686,Wang,Kift,wkiftj1@ask.com,33168.99
687,Blythe,Valerius,bvaleriusj2@google.com.au,66742.4
688,Angelina,Okeshott,aokeshottj3@goo.gl,11559.37
689,Walsh,Morsey,wmorseyj4@people.com.cn,53526.6
690,Lanny,Caghan,lcaghanj5@canalblog.com,41069.08
691,Gregg,Ottiwill,gottiwillj6@whitehouse.gov,93826.25
692,Baxy,Cockren,bcockrenj7@hexun.com,69105.23
693,Bennie,Deguara,bdeguaraj8@hc360.com,22648.38
694,Deva,Earwaker,dearwakerj9@rambler.ru,17323.83
695,Moishe,Lempertz,mlempertzja@google.ru,52352.93
696,Broderick,Masdin,bmasdinjb@aboutads.info,20208.93
697,Brandon,Carman,bcarmanjc@gravatar.com,78253.49
698,Myrwyn,Fireman,mfiremanjd@gmpg.org,46241.4
699,Shelby,Antonoczyk,santonoczykje@uiuc.edu,34785.95
700,Babita,Le Cornu,blecornujf@ibm.com,92014.92
701,Bonnee,Tirrey,btirreyjg@nydailynews.com,62434.63
702,Saundra,Cartmael,scartmaeljh@omniture.com,19220.72
703,Charmine,Northedge,cnorthedgeji@youku.com,36154.94
704,Louise,Zelake,lzelakejj@typepad.com,51825.15
705,Lincoln,Scoggins,lscogginsjk@cdbaby.com,27774.71
706,Alvy,Hauger,ahaugerjl@disqus.com,82180.25
707,Filberte,Bellison,fbellisonjm@hp.com,24512.63
708,Karney,Murrhaupt,kmurrhauptjn@walmart.com,61905.18
709,Carolina,Pagden,cpagdenjo@xinhuanet.com,10846.27
710,Eugene,Orred,eorredjp@linkedin.com,57397.99
711,Elianora,Parren,eparrenjq@gravatar.com,27422.78
712,Rollin,Bowmen,rbowmenjr@linkedin.com,29364.14
713,Ode,Meriel,omerieljs@ucoz.ru,70193.34
714,Whitney,Kleen,wkleenjt@whitehouse.gov,24433.65
715,Jessee,Ewing,jewingju@blogger.com,10060.5
716,Judie,Carlisso,jcarlissojv@abc.net.au,18349.29
717,Donni,Goward,dgowardjw@upenn.edu,51933.85
718,Mano,Dabs,mdabsjx@squidoo.com,37574.18
719,Kellen,Marvin,kmarvinjy@lycos.com,96825.09
720,Gabriele,Hendren,ghendrenjz@hexun.com,14965.25
721,Elva,Barbisch,ebarbischk0@godaddy.com,44500.68
722,Willow,Tadd,wtaddk1@gov.uk,52147.45
723,Zabrina,Brockton,zbrocktonk2@icq.com,98859.92
724,Zechariah,Van Brug,zvanbrugk3@statcounter.com,62188.01
725,Kaylee,Ramsted,kramstedk4@tinypic.com,70985.43
726,Ardyce,Lambrook,alambrookk5@aboutads.info,15446.33
727,Aurilia,Schout,aschoutk6@google.nl,90739.02
728,Mikaela,Hatt,mhattk7@elpais.com,66342.26
729,Ralf,Hickeringill,rhickeringillk8@t.co,82171.82
730,Rurik,Lethby,rlethbyk9@economist.com,90628.76
731,Adolphe,Look,alookka@blog.com,70588.35
732,Lefty,Keepin,lkeepinkb@creativecommons.org,58142.67
733,Cherin,Slym,cslymkc@mashable.com,27827.76
734,Nicolette,Deehan,ndeehankd@census.gov,20788.57
735,Donia,Boutwell,dboutwellke@utexas.edu,84299.72
736,Annie,Ghelardoni,aghelardonikf@dedecms.com,51586.47
737,Corella,Mazzilli,cmazzillikg@telegraph.co.uk,26969.9
738,Godwin,Rospars,grosparskh@vkontakte.ru,26555.43
739,Goldi,Gonsalvo,ggonsalvoki@hubpages.com,19405.06
740,Dulsea,Wiskar,dwiskarkj@dropbox.com,11204.37
741,Gibbie,Fifoot,gfifootkk@clickbank.net,21009.24
742,Roch,Van Castele,rvancastelekl@blogspot.com,62273.44
743,Carri,Rielly,criellykm@linkedin.com,23141.0
744,Yuri,Hirschmann,yhirschmannkn@geocities.com,88611.37
745,Lon,McMonies,lmcmoniesko@blogtalkradio.com,15441.06
746,Papageno,Woolaghan,pwoolaghankp@seesaa.net,48664.91
747,Jerri,Skain,jskainkq@theatlantic.com,99238.97
748,Patsy,Ackwood,packwoodkr@xing.com,19443.99
749,Carolina,Slinger,cslingerks@drupal.org,90908.12
750,Gerhard,Hassekl,ghasseklkt@usda.gov,61163.97
751,Essa,Pynner,epynnerku@flavors.me,90525.4
752,Denise,Jentzsch,djentzschkv@utexas.edu,67553.94
753,Mikel,Bentson,mbentsonkw@constantcontact.com,16347.53
754,Berti,Standen,bstandenkx@mlb.com,36866.61
755,Aldon,Jaulme,ajaulmeky@google.de,99023.06
756,Chan,Hallgarth,challgarthkz@odnoklassniki.ru,39175.78
757,Emerson,Gail,egaill0@sina.com.cn,47621.88
758,Maxie,Arunowicz,marunowiczl1@yahoo.co.jp,43753.29
759,Bee,Vakhrushin,bvakhrushinl2@newsvine.com,68835.6
760,Camala,De la Yglesias,cdelayglesiasl3@cnet.com,28478.71
761,Shandee,Boxe,sboxel4@whitehouse.gov,97340.36
762,Thelma,Hillock,thillockl5@theguardian.com,42536.78
763,Fabiano,Varnes,fvarnesl6@phpbb.com,62935.33
764,Maddy,Pechacek,mpechacekl7@boston.com,55435.3
765,Flor,Whitnell,fwhitnelll8@posterous.com,59409.78
766,Fielding,Verbruggen,fverbruggenl9@hexun.com,79937.55
767,Marjie,Braddock,mbraddockla@oracle.com,49136.75
768,Ramona,Gapper,rgapperlb@hud.gov,42859.4
769,Michal,Belasco,mbelascolc@so-net.ne.jp,83606.02
770,Barron,Maryon,bmaryonld@ftc.gov,42152.22
771,Carla,McGuinness,cmcguinnessle@sakura.ne.jp,51043.58
772,Corrie,Scahill,cscahilllf@google.com.hk,59468.62
773,Pyotr,Prium,ppriumlg@blogspot.com,56861.89
774,Lauryn,Weekland,lweeklandlh@ihg.com,60104.17
775,Lezlie,Nesbit,lnesbitli@vkontakte.ru,44665.41
776,Trudie,Careless,tcarelesslj@diigo.com,61666.77
777,Ashby,Cowlam,acowlamlk@webs.com,82709.82
778,Aluino,Francillo,afrancilloll@vistaprint.com,45687.17
779,Dorothea,Cashley,dcashleylm@delicious.com,15212.76
780,Mitch,Caslake,mcaslakeln@va.gov,90756.28
781,Silvana,McIlenna,smcilennalo@epa.gov,14420.67
782,Vitoria,Gatcliff,vgatclifflp@hao123.com,45129.55
783,Zarah,Gillions,zgillionslq@odnoklassniki.ru,81496.32
784,Alphonse,Fairlem,afairlemlr@google.co.uk,17164.0
785,Dalton,Stepney,dstepneyls@princeton.edu,67808.85
786,Raffaello,Braz,rbrazlt@delicious.com,34091.26
787,Danny,Filippi,dfilippilu@umich.edu,72235.67
788,Evvie,Kennifick,ekennificklv@delicious.com,51875.51
789,Winfield,McCann,wmccannlw@cargocollective.com,36404.48
790,Lissie,McBratney,lmcbratneylx@archive.org,44738.97
791,Kordula,McGowing,kmcgowingly@google.ru,89135.52
792,Franciskus,Armes,farmeslz@fda.gov,54792.39
793,Allison,Mallaby,amallabym0@cisco.com,60094.34
794,Pattie,Larkins,plarkinsm1@bing.com,98005.07
795,Lindsay,Buston,lbustonm2@twitter.com,96065.26
796,Marian,Waker,mwakerm3@purevolume.com,17196.31
797,Adriaens,Cartmer,acartmerm4@deviantart.com,21131.8
798,Laurianne,Cranna,lcrannam5@army.mil,67785.8
799,Maritsa,Caskey,mcaskeym6@fema.gov,44055.1
800,Katee,Tyler,ktylerm7@usnews.com,72056.54
801,Hew,Issatt,hissattm8@illinois.edu,55875.34
802,Almira,Friar,afriarm9@hp.com,47531.54
803,Avigdor,Brusin,abrusinma@jalbum.net,65181.24
804,Garrott,Mainwaring,gmainwaringmb@netlog.com,49602.15
805,Benny,Pleat,bpleatmc@addtoany.com,82808.79
806,Ransom,Barkworth,rbarkworthmd@rambler.ru,97234.6
807,Desiree,Leveret,dleveretme@telegraph.co.uk,52172.5
808,Shaylah,Lesper,slespermf@earthlink.net,48614.51
809,Gothart,O'Hara,goharamg@huffingtonpost.com,11815.27
810,Adelind,Rymer,arymermh@discuz.net,23013.0
811,Roddy,Barriball,rbarriballmi@quantcast.com,12783.45
812,Wendy,Hourstan,whourstanmj@t.co,11170.06
813,Phip,Gossling,pgosslingmk@printfriendly.com,78319.4
814,Marcellus,Heck,mheckml@liveinternet.ru,21256.38
815,Allison,Eakle,aeaklemm@census.gov,89626.75
816,Aurore,Millican,amillicanmn@sfgate.com,65614.68
817,Vickie,Freeman,vfreemanmo@admin.ch,16817.58
818,Evelin,Piddletown,epiddletownmp@angelfire.com,35729.68
819,Danella,Heighton,dheightonmq@ask.com,76844.77
820,Tasha,Rannie,tranniemr@foxnews.com,55560.03
821,Nicolina,Bertelmot,nbertelmotms@uol.com.br,56233.39
822,Torey,Morgan,tmorganmt@epa.gov,84863.28
823,Bernie,Whitney,bwhitneymu@wikipedia.org,86583.16
824,Grady,Blaszczynski,gblaszczynskimv@liveinternet.ru,91921.01
825,Connie,Lassetter,classettermw@buzzfeed.com,76296.48
826,Eada,Drewery,edrewerymx@pen.io,49410.68
827,Atalanta,Stillgoe,astillgoemy@over-blog.com,59115.52
828,Kristofer,Zima,kzimamz@i2i.jp,89944.61
829,Darcy,Toffaloni,dtoffalonin0@multiply.com,37085.61
830,Lawrence,Ilyushkin,lilyushkinn1@diigo.com,98923.71
831,Martelle,Roebottom,mroebottomn2@dyndns.org,61388.14
832,Monty,Raund,mraundn3@omniture.com,31033.81
833,Riccardo,Stairmond,rstairmondn4@digg.com,22546.1
834,Georgiana,Yeardsley,gyeardsleyn5@illinois.edu,52291.81
835,Jada,Joselevitz,jjoselevitzn6@microsoft.com,47629.42
836,Karole,Brechin,kbrechinn7@fc2.com,81776.95
837,Heather,Chillingsworth,hchillingsworthn8@goo.ne.jp,71616.32
838,Jewell,Jaouen,jjaouenn9@youtu.be,43930.3
839,Emelina,Ronaghan,eronaghanna@hc360.com,76447.13
840,Vernen,Brearley,vbrearleynb@amazon.co.jp,43777.16
841,Larina,Dykins,ldykinsnc@list-manage.com,98103.42
842,Reggie,Giovanni,rgiovannind@privacy.gov.au,17645.83
843,Chad,Sinyard,csinyardne@histats.com,99635.32
844,Ollie,Leetham,oleethamnf@mysql.com,20403.25
845,Edgar,Beatty,ebeattyng@reuters.com,85309.66
846,Neda,Pippard,npippardnh@earthlink.net,31093.66
847,Julie,Cloake,jcloakeni@hubpages.com,32943.48
848,Britteny,Dickens,bdickensnj@blog.com,64225.41
849,Caspar,MacAloren,cmacalorennk@constantcontact.com,43656.13
850,Franny,Chapelle,fchapellenl@ebay.co.uk,78904.25
851,Danell,Grasha,dgrashanm@wiley.com,84573.01
852,Brendis,Paulley,bpaulleynn@networksolutions.com,69683.57
853,Connie,Malling,cmallingno@mtv.com,94360.29
854,Shandee,McGill,smcgillnp@facebook.com,39307.23
855,Melita,Rounce,mrouncenq@narod.ru,34564.42
856,Wendall,Jacobowicz,wjacobowicznr@bloomberg.com,41885.59
857,Nicolina,Gladdolph,ngladdolphns@technorati.com,98772.91
858,Evyn,Pley,epleynt@cargocollective.com,68793.73
859,Dirk,Mattaser,dmattasernu@hibu.com,19622.74
860,Megan,Nussey,mnusseynv@a8.net,55541.87
861,Constantine,Silverton,csilvertonnw@example.com,63092.83
862,Tomasina,Arter,tarternx@buzzfeed.com,19782.49
863,Karin,Donson,kdonsonny@cargocollective.com,59591.1
864,Randie,Evanson,revansonnz@cargocollective.com,35250.68
865,Giana,Fawlks,gfawlkso0@topsy.com,75275.09
866,Shannah,Wrighton,swrightono1@delicious.com,33457.27
867,Boyd,Bilby,bbilbyo2@nasa.gov,79793.29
868,Jeannie,Fellnee,jfellneeo3@wikipedia.org,11472.77
869,Gilbert,Minette,gminetteo4@imdb.com,34753.95
870,Evanne,Stilgo,estilgoo5@ustream.tv,60271.28
871,Loleta,Mayworth,lmaywortho6@nytimes.com,51343.76
872,Ravi,Balstone,rbalstoneo7@businesswire.com,54154.21
873,Fabian,Beeston,fbeestono8@mysql.com,95897.6
874,Alain,Margetts,amargettso9@example.com,51964.26
875,Ilene,O'Brien,iobrienoa@over-blog.com,61615.15
876,Marilin,Beilby,mbeilbyob@theglobeandmail.com,42824.32
877,Hilliard,Bensley,hbensleyoc@sphinn.com,40347.14
878,Cthrine,Thies,cthiesod@homestead.com,10333.53
879,Friedrich,McCowan,fmccowanoe@livejournal.com,72116.64
880,Daffie,Bockh,dbockhof@trellian.com,90990.57
881,Niven,Bushell,nbushellog@seesaa.net,92788.63
882,Melanie,Grosvenor,mgrosvenoroh@sakura.ne.jp,30735.86
883,Broddie,Fuentes,bfuentesoi@bandcamp.com,91775.32
884,Raynard,Stubs,rstubsoj@cbsnews.com,16144.9
885,Crista,Taunton.,ctauntonok@china.com.cn,60624.05
886,Ole,Dudenie,odudenieol@mit.edu,63934.55
887,Nil,Diem,ndiemom@networkadvertising.org,67501.66
888,Sisely,Sporle,ssporleon@nytimes.com,43145.99
889,Emanuele,Yegorshin,eyegorshinoo@cbsnews.com,91120.59
890,Annecorinne,Mowbury,amowburyop@naver.com,85340.67
891,Layney,Fenner,lfenneroq@prlog.org,82971.63
892,Gannie,Hearl,ghearlor@census.gov,40601.64
893,Boigie,Klimov,bklimovos@facebook.com,96574.42
894,Camel,Dome,cdomeot@google.ca,58255.52
895,Niles,Valti,nvaltiou@sbwire.com,81571.78
896,Francisco,Epsley,fepsleyov@barnesandnoble.com,40404.85
897,Bamby,Mowsdale,bmowsdaleow@php.net,36428.19
898,Shandy,Luther,slutherox@nba.com,77708.42
899,Kristen,Hembry,khembryoy@domainmarket.com,46577.35
900,Trisha,Portman,tportmanoz@smh.com.au,46050.96
901,Giovanni,Derrell,gderrellp0@army.mil,84772.62
902,Abeu,Benner,abennerp1@yahoo.com,82107.93
903,Nial,Morsley,nmorsleyp2@archive.org,13906.66
904,Boycey,Corradetti,bcorradettip3@elpais.com,90998.89
905,Mikey,MacCaffery,mmaccafferyp4@feedburner.com,43018.33
906,Mirelle,Rentoll,mrentollp5@eventbrite.com,89975.74
907,Ripley,Tabourel,rtabourelp6@oracle.com,70515.28
908,Jackie,Dyde,jdydep7@goo.ne.jp,85058.42
909,Kile,Threader,kthreaderp8@mapy.cz,30011.55
910,Vernen,Shepcutt,vshepcuttp9@yandex.ru,24860.27
911,Elli,Greated,egreatedpa@sbwire.com,30174.57
912,Perice,Simper,psimperpb@taobao.com,10634.33
913,Raf,Ward,rwardpc@lulu.com,38114.18
914,Jobye,Spottiswood,jspottiswoodpd@fc2.com,71052.27
915,Wilhelmina,Creenan,wcreenanpe@lulu.com,73242.11
916,Jenda,Hillam,jhillampf@instagram.com,70034.37
917,Corena,Sodeau,csodeaupg@oaic.gov.au,77450.15
918,Morry,Fallon,mfallonph@narod.ru,45659.57
919,Dana,Jahner,djahnerpi@linkedin.com,62041.68
920,Lucien,Cosby,lcosbypj@digg.com,34261.81
921,Allix,Cottingham,acottinghampk@so-net.ne.jp,70566.48
922,Rowan,Duffet,rduffetpl@cnet.com,56692.76
923,Loralyn,Bourdice,lbourdicepm@typepad.com,34265.75
924,Reyna,Lamberth,rlamberthpn@scientificamerican.com,28508.97
925,Flint,O'Dunneen,fodunneenpo@artisteer.com,54254.1
926,Nelia,Iles,nilespp@slashdot.org,43335.48
927,Doretta,Casoni,dcasonipq@mysql.com,71293.35
928,Vance,Endrici,vendricipr@desdev.cn,94368.09
929,Donielle,Hosby,dhosbyps@merriam-webster.com,63486.53
930,Duke,Marian,dmarianpt@seesaa.net,13973.67
931,Kimball,Ambridge,kambridgepu@ebay.com,10231.1
932,Reggi,Andreone,randreonepv@wikimedia.org,16706.07
933,Susana,Manes,smanespw@ameblo.jp,83891.71
934,Shelagh,Abbet,sabbetpx@friendfeed.com,39932.75
935,Glen,Tregoning,gtregoningpy@foxnews.com,40430.26
936,Mohandas,Manuel,mmanuelpz@freewebs.com,63145.03
937,Sophie,Smithson,ssmithsonq0@nature.com,41520.26
938,Clair,Blesing,cblesingq1@reverbnation.com,61017.25
939,Kevina,Craythorne,kcraythorneq2@java.com,74492.88
940,Patricio,Juett,pjuettq3@ezinearticles.com,73377.39
941,Andrea,Bailes,abailesq4@acquirethisname.com,93061.91
942,Renee,Crosser,rcrosserq5@arstechnica.com,42907.91
943,Serge,Wadly,swadlyq6@sciencedaily.com,36204.93
944,Dorella,Bootton,dboottonq7@jalbum.net,45861.99
945,Phil,Trehearne,ptrehearneq8@archive.org,14419.98
946,Denys,Featherstonehaugh,dfeatherstonehaughq9@usa.gov,89698.69
947,Annalee,Kaine,akaineqa@deliciousdays.com,61355.91
948,Annamarie,Skechley,askechleyqb@ocn.ne.jp,77893.31
949,Elvis,Fairbard,efairbardqc@imageshack.us,79810.17
950,Gregorio,Craighead,gcraigheadqd@twitter.com,24974.71
951,Niel,McGrowther,nmcgrowtherqe@xinhuanet.com,63411.91
952,Pru,Allpress,pallpressqf@biglobe.ne.jp,17678.07
953,Gerianna,Moulton,gmoultonqg@theatlantic.com,52909.79
954,Gwenny,Waeland,gwaelandqh@loc.gov,39742.81
955,Paulette,Sturman,psturmanqi@sphinn.com,41325.75
956,Carolus,Shilton,cshiltonqj@youtube.com,67827.08
957,Gherardo,Kmiec,gkmiecqk@com.com,57305.17
958,Vanya,Blakely,vblakelyql@blog.com,35823.46
959,Marysa,Sturdy,msturdyqm@forbes.com,59703.55
960,Chere,Hartle,chartleqn@i2i.jp,94578.9
961,Ganny,Reavell,greavellqo@ezinearticles.com,28627.56
962,Leonanie,Edgington,ledgingtonqp@vinaora.com,58296.06
963,Allin,Poetz,apoetzqq@nymag.com,61299.87
964,Mathilda,Di Gregorio,mdigregorioqr@hibu.com,68957.29
965,Rubi,Lyons,rlyonsqs@sourceforge.net,44330.4
966,Ayn,Cristofaro,acristofaroqt@nsw.gov.au,18457.77
967,Gerardo,Grigoletti,ggrigolettiqu@bizjournals.com,28845.35
968,Clarie,Calver,ccalverqv@oaic.gov.au,21339.76
969,Delmore,Wickman,dwickmanqw@europa.eu,49213.72
970,Karoly,Dragoe,kdragoeqx@marriott.com,99642.09
971,Terrence,Papps,tpappsqy@geocities.jp,97691.0
972,Worden,Domeny,wdomenyqz@adobe.com,95980.79
973,Rahel,Lowy,rlowyr0@cbsnews.com,23044.32
974,Normie,McCadden,nmccaddenr1@dailymail.co.uk,59692.12
975,Shamus,Enevoldsen,senevoldsenr2@chronoengine.com,57361.93
976,Collete,Pawfoot,cpawfootr3@indiatimes.com,34238.86
977,Charisse,Fountaine,cfountainer4@hp.com,32824.77
978,Consuelo,Purser,cpurserr5@123-reg.co.uk,47986.54
979,Christopher,Tatterton,ctattertonr6@dion.ne.jp,39801.89
980,Wash,Fownes,wfownesr7@multiply.com,57483.19
981,Sharai,Nizard,snizardr8@sitemeter.com,73563.65
982,Welby,MacSharry,wmacsharryr9@imdb.com,26227.98
983,Gerrie,Ghion,gghionra@cornell.edu,62165.53
984,Teirtza,Kail,tkailrb@sfgate.com,15933.79
985,Calv,Aland,calandrc@tamu.edu,16473.2
986,Gertrude,Gravey,ggraveyrd@sciencedirect.com,99317.62
987,Ivar,Potbury,ipotburyre@bloglovin.com,81066.84
988,Lilian,Landers,llandersrf@reference.com,48681.49
989,Rick,Pedler,rpedlerrg@wunderground.com,84794.83
990,Christian,Skupinski,cskupinskirh@nih.gov,27060.53
991,Raychel,Corcut,rcorcutri@princeton.edu,88607.4
992,Dehlia,Stoate,dstoaterj@techcrunch.com,42089.19
993,Leighton,Shropsheir,lshropsheirrk@tumblr.com,22777.53
994,Diarmid,Berget,dbergetrl@parallels.com,77674.4
995,Blondie,Scholig,bscholigrm@unesco.org,84739.56
996,Karlee,Jevon,kjevonrn@gizmodo.com,54771.54
997,Belita,Jeannel,bjeannelro@feedburner.com,87986.63
998,Erminia,Salmon,esalmonrp@sakura.ne.jp,99298.0
999,Curcio,Medhurst,cmedhurstrq@ehow.com,74686.29
1000,Stacie,Roskelly,sroskellyrr@webnode.com,93172.83
